-- phpMyAdmin SQL Dump
-- version 5.2.1
-- https://www.phpmyadmin.net/
--
-- Host: 127.0.0.1
-- Generation Time: Maj 22, 2024 at 05:28 PM
-- Wersja serwera: 10.4.32-MariaDB
-- Wersja PHP: 8.2.12

SET SQL_MODE = "NO_AUTO_VALUE_ON_ZERO";
START TRANSACTION;
SET time_zone = "+00:00";


/*!40101 SET @OLD_CHARACTER_SET_CLIENT=@@CHARACTER_SET_CLIENT */;
/*!40101 SET @OLD_CHARACTER_SET_RESULTS=@@CHARACTER_SET_RESULTS */;
/*!40101 SET @OLD_COLLATION_CONNECTION=@@COLLATION_CONNECTION */;
/*!40101 SET NAMES utf8mb4 */;

--
-- Database: `plan_lekcji`
--

-- --------------------------------------------------------

--
-- Struktura tabeli dla tabeli `dzien_tygodnia`
--

CREATE TABLE `dzien_tygodnia` (
  `id` int(10) UNSIGNED NOT NULL,
  `nazwa` varchar(20) NOT NULL
) ENGINE=InnoDB DEFAULT CHARSET=utf8mb4 COLLATE=utf8mb4_general_ci;

--
-- Dumping data for table `dzien_tygodnia`
--

INSERT INTO `dzien_tygodnia` (`id`, `nazwa`) VALUES
(2, 'poniedziałek'),
(3, 'wtorek'),
(4, 'środa'),
(5, 'czwartek'),
(6, 'piątek');

-- --------------------------------------------------------

--
-- Struktura tabeli dla tabeli `klasa`
--

CREATE TABLE `klasa` (
  `id` int(10) UNSIGNED NOT NULL,
  `nazwa` varchar(10) NOT NULL,
  `id_szkola` int(10) UNSIGNED NOT NULL,
  `id_planu_lekcji` int(10) UNSIGNED DEFAULT NULL
) ENGINE=InnoDB DEFAULT CHARSET=utf8mb4 COLLATE=utf8mb4_general_ci;

--
-- Dumping data for table `klasa`
--

INSERT INTO `klasa` (`id`, `nazwa`, `id_szkola`, `id_planu_lekcji`) VALUES
(9, '2PI', 14, NULL),
(10, '3EP', 13, 87),
(12, '5GP', 12, 89);

-- --------------------------------------------------------

--
-- Struktura tabeli dla tabeli `lekcja`
--

CREATE TABLE `lekcja` (
  `id` int(10) UNSIGNED NOT NULL,
  `id_sali` int(10) UNSIGNED NOT NULL,
  `id_nauczyciela` int(10) UNSIGNED NOT NULL,
  `id_przedmiotu` int(10) UNSIGNED NOT NULL
) ENGINE=InnoDB DEFAULT CHARSET=utf8mb4 COLLATE=utf8mb4_general_ci;

--
-- Dumping data for table `lekcja`
--

INSERT INTO `lekcja` (`id`, `id_sali`, `id_nauczyciela`, `id_przedmiotu`) VALUES
(500, 11, 1, 3),
(501, 11, 1, 3),
(502, 11, 1, 3),
(503, 11, 1, 3),
(504, 11, 1, 3),
(505, 11, 1, 3),
(506, 11, 1, 3),
(507, 11, 1, 3),
(508, 11, 1, 3),
(509, 11, 1, 3),
(510, 11, 1, 3),
(511, 11, 1, 3),
(512, 11, 1, 3),
(513, 11, 1, 3),
(514, 11, 1, 3),
(515, 11, 1, 3),
(516, 11, 1, 3),
(517, 11, 1, 3),
(518, 11, 1, 3),
(519, 11, 1, 3),
(520, 11, 1, 3),
(521, 11, 1, 3),
(522, 11, 1, 3),
(523, 11, 1, 3),
(524, 11, 1, 3),
(525, 11, 1, 3),
(526, 11, 1, 3),
(527, 11, 1, 3),
(528, 11, 1, 3),
(529, 11, 1, 3),
(530, 11, 1, 3),
(531, 11, 1, 3),
(532, 11, 1, 3),
(533, 11, 1, 3),
(534, 11, 1, 3),
(535, 11, 1, 3),
(536, 11, 1, 3),
(537, 11, 1, 3),
(538, 11, 1, 3),
(539, 11, 1, 3),
(540, 11, 1, 3),
(541, 11, 1, 3),
(542, 11, 1, 3),
(543, 11, 1, 3),
(544, 11, 1, 3),
(545, 11, 1, 3),
(546, 11, 1, 3),
(547, 11, 1, 3),
(548, 11, 1, 3),
(549, 11, 1, 3),
(550, 11, 1, 3),
(551, 11, 1, 3),
(552, 11, 1, 3),
(553, 11, 1, 3),
(554, 11, 1, 3),
(555, 11, 1, 3),
(556, 11, 1, 3),
(557, 11, 1, 3),
(558, 11, 1, 3),
(559, 11, 1, 3),
(560, 11, 1, 3),
(561, 11, 1, 3),
(562, 11, 1, 3),
(563, 11, 1, 3),
(564, 11, 1, 3),
(565, 11, 1, 3),
(566, 11, 1, 3),
(567, 11, 1, 3),
(568, 11, 1, 3),
(569, 11, 1, 3),
(570, 11, 1, 3),
(571, 11, 1, 3),
(572, 11, 1, 3),
(573, 11, 1, 3),
(574, 11, 1, 3),
(575, 11, 1, 3),
(576, 11, 1, 3),
(577, 11, 1, 3),
(578, 11, 1, 3),
(579, 11, 1, 3),
(580, 11, 1, 3),
(581, 11, 1, 3),
(582, 11, 1, 3),
(583, 11, 1, 3),
(584, 11, 1, 3),
(585, 11, 1, 3),
(586, 11, 1, 3),
(587, 11, 1, 3),
(588, 11, 1, 3),
(589, 11, 1, 3),
(590, 11, 1, 3),
(591, 11, 1, 3),
(592, 11, 1, 3),
(593, 11, 1, 3),
(594, 11, 1, 3),
(595, 11, 1, 3),
(596, 11, 1, 3),
(597, 11, 1, 3),
(598, 11, 1, 3),
(599, 11, 1, 3),
(600, 11, 1, 3),
(601, 11, 1, 3),
(602, 11, 1, 3),
(603, 11, 1, 3),
(604, 11, 1, 3),
(605, 11, 1, 3),
(606, 11, 1, 3),
(607, 11, 1, 3),
(608, 11, 1, 3),
(609, 11, 1, 3),
(610, 11, 1, 3),
(611, 11, 1, 3),
(612, 11, 1, 3),
(613, 11, 1, 3),
(614, 11, 1, 3),
(615, 11, 1, 3),
(616, 11, 1, 3),
(617, 11, 1, 3),
(618, 11, 1, 3),
(619, 11, 1, 3),
(620, 11, 1, 3),
(621, 11, 1, 3),
(622, 11, 1, 3),
(623, 11, 1, 3),
(624, 11, 1, 3),
(625, 11, 1, 3),
(626, 11, 1, 3),
(627, 11, 1, 3),
(628, 11, 1, 3),
(629, 11, 1, 3),
(630, 11, 1, 3),
(631, 11, 1, 3),
(632, 11, 1, 3),
(633, 11, 1, 3),
(634, 11, 1, 3),
(635, 11, 1, 3),
(636, 11, 1, 3),
(637, 11, 1, 3),
(638, 11, 1, 3),
(639, 11, 1, 3),
(640, 11, 1, 3),
(641, 11, 1, 3),
(642, 11, 1, 3),
(643, 11, 1, 3),
(644, 11, 1, 3),
(645, 11, 1, 3),
(646, 11, 1, 3),
(647, 11, 1, 3),
(648, 11, 1, 3),
(649, 11, 1, 3),
(650, 11, 1, 3),
(651, 11, 1, 3),
(652, 11, 1, 3),
(653, 11, 1, 3),
(654, 11, 1, 3),
(655, 11, 1, 3),
(656, 11, 1, 3),
(657, 11, 1, 3),
(658, 11, 1, 3),
(659, 11, 1, 3),
(660, 11, 1, 3),
(661, 11, 1, 3),
(662, 11, 1, 3),
(663, 11, 1, 3),
(664, 11, 1, 3),
(665, 11, 1, 3),
(666, 11, 1, 3),
(667, 11, 1, 3),
(668, 11, 1, 3),
(669, 11, 1, 3),
(670, 11, 1, 3),
(671, 11, 1, 3),
(672, 11, 1, 3),
(673, 11, 1, 3),
(674, 11, 1, 3),
(675, 11, 1, 3),
(676, 11, 1, 3),
(677, 11, 1, 3),
(678, 11, 1, 3),
(679, 11, 1, 3),
(680, 11, 1, 3),
(681, 11, 1, 3),
(682, 11, 1, 3),
(683, 11, 1, 3),
(684, 11, 1, 3),
(685, 11, 1, 3),
(686, 11, 1, 3),
(687, 11, 1, 3),
(688, 11, 1, 3),
(689, 11, 1, 3),
(690, 11, 1, 3),
(691, 11, 1, 3),
(692, 11, 1, 3),
(693, 11, 1, 3),
(694, 11, 1, 3),
(695, 11, 1, 3),
(696, 11, 1, 3),
(697, 11, 1, 3),
(698, 11, 1, 3),
(699, 11, 1, 3),
(700, 11, 1, 3),
(701, 11, 1, 3),
(702, 11, 1, 3),
(703, 11, 1, 3),
(704, 11, 1, 3),
(705, 11, 1, 3),
(706, 11, 1, 3),
(707, 11, 1, 3),
(708, 11, 1, 3),
(709, 11, 1, 3),
(710, 11, 1, 3),
(711, 11, 1, 3),
(712, 11, 1, 3),
(713, 11, 1, 3),
(714, 11, 1, 3),
(715, 11, 1, 3),
(716, 11, 1, 3),
(717, 11, 1, 3),
(718, 11, 1, 3),
(719, 11, 1, 3),
(720, 11, 1, 3),
(721, 11, 1, 3),
(722, 11, 1, 3),
(723, 11, 1, 3),
(724, 11, 1, 3),
(725, 11, 1, 3),
(726, 11, 1, 3),
(727, 11, 1, 3),
(728, 11, 1, 3),
(729, 11, 1, 3),
(730, 11, 1, 3),
(731, 11, 1, 3),
(732, 11, 1, 3),
(733, 11, 1, 3),
(734, 11, 1, 3),
(735, 11, 1, 3),
(736, 11, 1, 3),
(737, 11, 1, 3),
(738, 11, 1, 3),
(739, 11, 1, 3),
(740, 11, 1, 3),
(741, 11, 1, 3),
(742, 11, 1, 3),
(743, 11, 1, 3),
(744, 11, 1, 3),
(745, 11, 1, 3),
(746, 11, 1, 3),
(747, 11, 1, 3),
(748, 11, 1, 3),
(749, 11, 1, 3),
(750, 11, 1, 3),
(751, 11, 1, 3),
(752, 11, 1, 3),
(753, 11, 1, 3),
(754, 11, 1, 3),
(755, 11, 1, 3),
(756, 11, 1, 3),
(757, 11, 1, 3),
(758, 11, 1, 3),
(759, 11, 1, 3),
(760, 11, 1, 3),
(761, 11, 1, 3),
(762, 11, 1, 3),
(763, 11, 1, 3),
(764, 11, 1, 3),
(765, 11, 1, 3),
(766, 11, 1, 3),
(767, 11, 1, 3),
(768, 11, 1, 3),
(769, 11, 1, 3),
(770, 11, 1, 3),
(771, 11, 1, 3),
(772, 11, 1, 3),
(773, 11, 1, 3),
(774, 11, 1, 3),
(775, 11, 1, 3),
(776, 11, 1, 3),
(777, 11, 1, 3),
(778, 11, 1, 3),
(779, 11, 1, 3),
(780, 11, 1, 3),
(781, 11, 1, 3),
(782, 11, 1, 3),
(783, 11, 1, 3),
(784, 11, 1, 3),
(785, 11, 1, 3),
(786, 11, 1, 3),
(787, 11, 1, 3),
(788, 11, 1, 3),
(789, 11, 1, 3),
(790, 11, 1, 3),
(791, 11, 1, 3),
(792, 11, 1, 3),
(793, 11, 1, 3),
(794, 11, 1, 3),
(795, 11, 1, 3),
(796, 11, 1, 3),
(797, 11, 1, 3),
(798, 11, 1, 3),
(799, 11, 1, 3),
(800, 11, 1, 3),
(801, 11, 1, 3),
(802, 11, 1, 3),
(803, 11, 1, 3),
(804, 11, 1, 3),
(805, 11, 1, 3),
(806, 11, 1, 3),
(807, 11, 1, 3),
(808, 11, 1, 3),
(809, 11, 1, 3),
(810, 11, 1, 3),
(811, 11, 1, 3),
(812, 11, 1, 3),
(813, 11, 1, 3),
(814, 11, 1, 3),
(815, 11, 1, 3),
(816, 11, 1, 3),
(817, 11, 1, 3),
(818, 11, 1, 3),
(819, 11, 1, 3),
(820, 11, 1, 3),
(821, 11, 1, 3),
(822, 11, 1, 3),
(823, 11, 1, 3),
(824, 11, 1, 3),
(825, 11, 1, 3),
(826, 11, 1, 3),
(827, 11, 1, 3),
(828, 11, 1, 3),
(829, 11, 1, 3),
(830, 11, 1, 3),
(831, 11, 1, 3),
(832, 11, 1, 3),
(833, 11, 1, 3),
(834, 11, 1, 3),
(835, 11, 1, 3),
(836, 11, 1, 3),
(837, 11, 1, 3),
(838, 11, 1, 3),
(839, 11, 1, 3),
(840, 11, 1, 3),
(841, 11, 1, 3),
(842, 11, 1, 3),
(843, 11, 1, 3),
(844, 11, 1, 3),
(845, 11, 1, 3),
(846, 11, 1, 3),
(847, 11, 1, 3),
(848, 11, 1, 3),
(849, 11, 1, 3),
(850, 11, 1, 3),
(851, 11, 1, 3),
(852, 11, 1, 3),
(853, 11, 1, 3),
(854, 11, 1, 3),
(855, 11, 1, 3),
(856, 11, 1, 3),
(857, 11, 1, 3),
(858, 11, 1, 3),
(859, 11, 1, 3),
(860, 11, 1, 3),
(861, 11, 1, 3),
(862, 11, 1, 3),
(863, 11, 1, 3),
(864, 11, 1, 3),
(865, 11, 1, 3),
(866, 11, 1, 3),
(867, 11, 1, 3),
(868, 11, 1, 3),
(869, 11, 1, 3),
(870, 11, 1, 3),
(871, 11, 1, 3),
(872, 11, 1, 3),
(873, 11, 1, 3),
(874, 11, 1, 3),
(875, 11, 1, 3),
(876, 11, 1, 3),
(877, 11, 1, 3),
(878, 11, 1, 3),
(879, 11, 1, 3),
(880, 11, 1, 3),
(881, 11, 1, 3),
(882, 11, 1, 3),
(883, 11, 1, 3),
(884, 11, 1, 3),
(885, 11, 1, 3),
(886, 11, 1, 3),
(887, 11, 1, 3),
(888, 11, 1, 3),
(889, 11, 1, 3),
(890, 11, 1, 3),
(891, 11, 1, 3),
(892, 11, 1, 3),
(893, 11, 1, 3),
(894, 11, 1, 3),
(895, 11, 1, 3),
(896, 11, 1, 3),
(897, 11, 1, 3),
(898, 11, 1, 3),
(899, 11, 1, 3),
(900, 11, 1, 3),
(901, 11, 1, 3),
(902, 11, 1, 3),
(903, 11, 1, 3),
(904, 11, 1, 3),
(905, 11, 1, 3),
(906, 11, 1, 3),
(907, 11, 1, 3),
(908, 11, 1, 3),
(909, 11, 1, 3),
(910, 11, 1, 3),
(911, 11, 1, 3),
(912, 11, 1, 3),
(913, 11, 1, 3),
(914, 11, 1, 3),
(915, 11, 1, 3),
(916, 11, 1, 3),
(917, 11, 1, 3),
(918, 11, 1, 3),
(919, 11, 1, 3),
(920, 11, 1, 3),
(921, 11, 1, 3),
(922, 11, 1, 3),
(923, 11, 1, 3),
(924, 11, 1, 3),
(925, 11, 1, 3),
(926, 11, 1, 3),
(927, 11, 1, 3),
(928, 11, 1, 3),
(929, 11, 1, 3),
(930, 11, 1, 3),
(931, 11, 1, 3),
(932, 11, 1, 3),
(933, 11, 1, 3),
(934, 11, 1, 3),
(935, 11, 1, 3),
(936, 11, 1, 3),
(937, 11, 1, 3),
(938, 11, 1, 3),
(939, 11, 1, 3),
(940, 11, 1, 3),
(941, 11, 1, 3),
(942, 11, 1, 3),
(943, 11, 1, 3),
(944, 11, 1, 3),
(945, 11, 1, 3),
(946, 11, 1, 3),
(947, 11, 1, 3),
(948, 11, 1, 3),
(949, 11, 1, 3),
(950, 11, 1, 3),
(951, 11, 1, 3),
(952, 11, 1, 3),
(953, 11, 1, 3),
(954, 11, 1, 3),
(955, 11, 1, 3),
(956, 11, 1, 3),
(957, 11, 1, 3),
(958, 11, 1, 3),
(959, 11, 1, 3),
(960, 11, 1, 3),
(961, 11, 1, 3),
(962, 11, 1, 3),
(963, 11, 1, 3),
(964, 11, 1, 3),
(965, 11, 1, 3),
(966, 11, 1, 3),
(967, 11, 1, 3),
(968, 11, 1, 3),
(969, 11, 1, 3),
(970, 11, 1, 3),
(971, 11, 1, 3),
(972, 11, 1, 3),
(973, 11, 1, 3),
(974, 11, 1, 3),
(975, 11, 1, 3),
(976, 11, 1, 3),
(977, 11, 1, 3),
(978, 11, 1, 3),
(979, 11, 1, 3),
(980, 11, 1, 3),
(981, 11, 1, 3),
(982, 11, 1, 3),
(983, 11, 1, 3),
(984, 11, 1, 3),
(985, 11, 1, 3),
(986, 11, 1, 3),
(987, 11, 1, 3),
(988, 11, 1, 3),
(989, 11, 1, 3),
(990, 11, 1, 3),
(991, 11, 1, 3),
(992, 11, 1, 3),
(993, 11, 1, 3),
(994, 11, 1, 3),
(995, 11, 1, 3),
(996, 11, 1, 3),
(997, 11, 1, 3),
(998, 11, 1, 3),
(999, 11, 1, 3),
(1000, 11, 1, 3),
(1001, 11, 1, 3),
(1002, 11, 1, 3),
(1003, 11, 1, 3),
(1004, 11, 1, 3),
(1005, 11, 1, 3),
(1006, 11, 1, 3),
(1007, 11, 1, 3),
(1008, 11, 1, 3),
(1009, 11, 1, 3),
(1010, 11, 1, 3),
(1011, 11, 1, 3),
(1012, 11, 1, 3),
(1013, 11, 1, 3),
(1014, 11, 1, 3),
(1015, 11, 1, 3),
(1016, 11, 1, 3),
(1017, 11, 1, 3),
(1018, 11, 1, 3),
(1019, 11, 1, 3),
(1020, 11, 1, 3),
(1021, 11, 1, 3),
(1022, 11, 1, 3),
(1023, 11, 1, 3),
(1024, 11, 1, 3),
(1025, 11, 1, 3),
(1026, 11, 1, 3),
(1027, 11, 1, 3),
(1028, 11, 1, 3),
(1029, 11, 1, 3),
(1030, 11, 1, 3),
(1031, 11, 1, 3),
(1032, 11, 1, 3),
(1033, 11, 1, 3),
(1034, 11, 1, 3),
(1035, 11, 1, 3),
(1036, 11, 1, 3),
(1037, 11, 1, 3),
(1038, 11, 1, 3),
(1039, 11, 1, 3),
(1040, 11, 1, 3),
(1041, 11, 1, 3),
(1042, 11, 1, 3),
(1043, 11, 1, 3),
(1044, 11, 1, 3),
(1045, 11, 1, 3),
(1046, 11, 1, 3),
(1047, 11, 1, 3),
(1048, 11, 1, 3),
(1049, 11, 1, 3),
(1050, 11, 1, 3),
(1051, 11, 1, 3),
(1052, 11, 1, 3),
(1053, 11, 1, 3),
(1054, 11, 1, 3),
(1055, 11, 1, 3),
(1056, 11, 1, 3),
(1057, 11, 1, 3),
(1058, 11, 1, 3),
(1059, 11, 1, 3),
(1060, 11, 1, 3),
(1061, 11, 1, 3),
(1062, 11, 1, 3),
(1063, 11, 1, 3),
(1064, 11, 1, 3),
(1065, 11, 1, 3),
(1066, 11, 1, 3),
(1067, 11, 1, 3),
(1068, 11, 1, 3),
(1069, 11, 1, 3),
(1070, 11, 1, 3),
(1071, 11, 1, 3),
(1072, 11, 1, 3),
(1073, 11, 1, 3),
(1074, 11, 1, 3),
(1075, 11, 1, 3),
(1076, 11, 1, 3),
(1077, 11, 1, 3),
(1078, 11, 1, 3),
(1079, 11, 1, 3),
(1080, 11, 1, 3),
(1081, 11, 1, 3),
(1082, 11, 1, 3),
(1083, 11, 1, 3),
(1084, 11, 1, 3),
(1085, 11, 1, 3),
(1086, 11, 1, 3),
(1087, 11, 1, 3),
(1088, 11, 1, 3),
(1089, 11, 1, 3),
(1090, 11, 1, 3),
(1091, 1, 4, 2),
(1092, 11, 1, 3),
(1093, 10, 1, 3),
(1094, 11, 2, 2),
(1095, 11, 1, 3),
(1096, 11, 5, 3),
(1097, 11, 1, 3),
(1098, 11, 5, 3),
(1099, 11, 1, 3),
(1100, 10, 1, 3),
(1101, 11, 1, 3),
(1102, 11, 1, 3),
(1103, 10, 4, 2),
(1104, 11, 1, 3),
(1105, 11, 1, 3),
(1106, 11, 1, 3),
(1107, 11, 1, 3),
(1108, 11, 1, 3),
(1109, 11, 1, 3),
(1110, 11, 1, 3),
(1111, 11, 1, 3),
(1112, 11, 1, 3),
(1113, 11, 1, 3),
(1114, 11, 1, 3),
(1115, 11, 1, 3),
(1116, 11, 1, 3),
(1117, 11, 4, 2),
(1118, 11, 1, 3),
(1119, 11, 1, 3),
(1120, 11, 1, 3),
(1121, 11, 4, 2),
(1122, 11, 1, 3),
(1123, 11, 1, 3),
(1124, 11, 5, 3),
(1125, 11, 1, 3),
(1126, 11, 4, 2),
(1127, 11, 1, 3),
(1128, 11, 1, 3),
(1129, 11, 1, 3),
(1130, 11, 4, 2),
(1131, 11, 1, 3),
(1132, 11, 1, 3),
(1133, 11, 1, 3),
(1134, 11, 1, 3),
(1135, 11, 4, 2),
(1136, 1, 4, 2),
(1137, 11, 1, 3),
(1138, 10, 1, 3),
(1139, 11, 2, 2),
(1140, 11, 1, 3),
(1141, 11, 5, 3),
(1142, 11, 1, 3),
(1143, 11, 5, 3),
(1144, 11, 1, 3),
(1145, 10, 1, 3),
(1146, 11, 1, 3),
(1147, 11, 1, 3),
(1148, 10, 4, 2),
(1149, 11, 1, 3),
(1150, 11, 1, 3),
(1151, 11, 1, 3),
(1152, 11, 1, 3),
(1153, 11, 1, 3),
(1154, 11, 1, 3),
(1155, 11, 1, 3),
(1156, 11, 1, 3),
(1157, 11, 1, 3),
(1158, 11, 1, 3),
(1159, 11, 1, 3),
(1160, 11, 1, 3),
(1161, 11, 1, 3),
(1162, 11, 4, 2),
(1163, 11, 1, 3),
(1164, 11, 1, 3),
(1165, 11, 1, 3),
(1166, 11, 4, 2),
(1167, 11, 1, 3),
(1168, 11, 1, 3),
(1169, 11, 5, 3),
(1170, 11, 1, 3),
(1171, 11, 4, 2),
(1172, 11, 1, 3),
(1173, 11, 1, 3),
(1174, 11, 1, 3),
(1175, 11, 4, 2),
(1176, 11, 1, 3),
(1177, 11, 1, 3),
(1178, 11, 1, 3),
(1179, 11, 1, 3),
(1180, 11, 4, 2),
(1181, 1, 4, 2),
(1182, 11, 1, 3),
(1183, 10, 1, 3),
(1184, 11, 2, 2),
(1185, 11, 1, 3),
(1186, 11, 5, 3),
(1187, 11, 1, 3),
(1188, 11, 5, 3),
(1189, 11, 1, 3),
(1190, 10, 1, 3),
(1191, 11, 1, 3),
(1192, 11, 1, 3),
(1193, 10, 4, 2),
(1194, 11, 1, 3),
(1195, 11, 1, 3),
(1196, 11, 1, 3),
(1197, 11, 1, 3),
(1198, 11, 1, 3),
(1199, 11, 1, 3),
(1200, 11, 1, 3),
(1201, 11, 1, 3),
(1202, 11, 1, 3),
(1203, 11, 1, 3),
(1204, 11, 1, 3),
(1205, 11, 1, 3),
(1206, 11, 1, 3),
(1207, 11, 4, 2),
(1208, 11, 1, 3),
(1209, 11, 1, 3),
(1210, 11, 1, 3),
(1211, 11, 4, 2),
(1212, 11, 1, 3),
(1213, 11, 1, 3),
(1214, 11, 5, 3),
(1215, 11, 1, 3),
(1216, 11, 4, 2),
(1217, 11, 1, 3),
(1218, 11, 1, 3),
(1219, 11, 1, 3),
(1220, 11, 4, 2),
(1221, 11, 1, 3),
(1222, 11, 1, 3),
(1223, 11, 1, 3),
(1224, 11, 1, 3),
(1225, 11, 4, 2),
(1226, 1, 4, 2),
(1227, 11, 1, 3),
(1228, 10, 1, 3),
(1229, 11, 2, 2),
(1230, 11, 1, 3),
(1231, 11, 5, 3),
(1232, 11, 1, 3),
(1233, 11, 5, 3),
(1234, 11, 1, 3),
(1235, 10, 1, 3),
(1236, 11, 1, 3),
(1237, 11, 1, 3),
(1238, 10, 4, 2),
(1239, 11, 1, 3),
(1240, 11, 1, 3),
(1241, 11, 1, 3),
(1242, 11, 1, 3),
(1243, 11, 1, 3),
(1244, 11, 1, 3),
(1245, 11, 1, 3),
(1246, 11, 1, 3),
(1247, 11, 1, 3),
(1248, 11, 1, 3),
(1249, 11, 1, 3),
(1250, 11, 1, 3),
(1251, 11, 1, 3),
(1252, 11, 4, 2),
(1253, 11, 1, 3),
(1254, 11, 1, 3),
(1255, 11, 1, 3),
(1256, 11, 4, 2),
(1257, 11, 1, 3),
(1258, 11, 1, 3),
(1259, 11, 5, 3),
(1260, 11, 1, 3),
(1261, 11, 4, 2),
(1262, 11, 1, 3),
(1263, 11, 1, 3),
(1264, 11, 1, 3),
(1265, 11, 4, 2),
(1266, 11, 1, 3),
(1267, 11, 1, 3),
(1268, 11, 1, 3),
(1269, 11, 1, 3),
(1270, 11, 4, 2),
(1271, 11, 1, 3),
(1272, 11, 1, 3),
(1273, 11, 1, 3),
(1274, 11, 1, 3),
(1275, 11, 1, 3),
(1276, 11, 1, 3),
(1277, 11, 1, 3),
(1278, 11, 1, 3),
(1279, 11, 1, 3),
(1280, 11, 1, 3),
(1281, 11, 1, 3),
(1282, 11, 1, 3),
(1283, 11, 1, 3),
(1284, 11, 1, 3),
(1285, 11, 1, 3),
(1286, 11, 1, 3),
(1287, 11, 1, 3),
(1288, 11, 1, 3),
(1289, 11, 1, 3),
(1290, 11, 1, 3),
(1291, 11, 1, 3),
(1292, 11, 1, 3),
(1293, 11, 1, 3),
(1294, 11, 1, 3),
(1295, 11, 1, 3),
(1296, 11, 1, 3),
(1297, 11, 1, 3),
(1298, 11, 1, 3),
(1299, 11, 1, 3),
(1300, 11, 1, 3),
(1301, 11, 1, 3),
(1302, 11, 1, 3),
(1303, 11, 1, 3),
(1304, 11, 1, 3),
(1305, 11, 1, 3),
(1306, 11, 1, 3),
(1307, 11, 1, 3),
(1308, 11, 1, 3),
(1309, 11, 1, 3),
(1310, 11, 1, 3),
(1311, 11, 1, 3),
(1312, 11, 1, 3),
(1313, 11, 1, 3),
(1314, 11, 1, 3),
(1315, 11, 1, 3),
(1316, 11, 1, 3),
(1317, 11, 1, 3),
(1318, 11, 1, 3),
(1319, 11, 1, 3),
(1320, 11, 1, 3),
(1321, 11, 1, 3),
(1322, 11, 1, 3),
(1323, 11, 1, 3),
(1324, 11, 1, 3),
(1325, 11, 1, 3),
(1326, 11, 1, 3),
(1327, 11, 1, 3),
(1328, 11, 1, 3),
(1329, 11, 1, 3),
(1330, 11, 1, 3),
(1331, 11, 1, 3),
(1332, 11, 1, 3),
(1333, 11, 1, 3),
(1334, 11, 1, 3),
(1335, 11, 1, 3),
(1336, 11, 1, 3),
(1337, 11, 1, 3),
(1338, 11, 1, 3),
(1339, 11, 1, 3),
(1340, 11, 1, 3),
(1341, 11, 1, 3),
(1342, 11, 1, 3),
(1343, 11, 1, 3),
(1344, 11, 1, 3),
(1345, 11, 1, 3),
(1346, 11, 1, 3),
(1347, 11, 1, 3),
(1348, 11, 1, 3),
(1349, 11, 1, 3),
(1350, 11, 1, 3),
(1351, 11, 1, 3),
(1352, 11, 1, 3),
(1353, 11, 1, 3),
(1354, 11, 1, 3),
(1355, 11, 1, 3),
(1356, 11, 1, 3),
(1357, 11, 1, 3),
(1358, 11, 1, 3),
(1359, 11, 1, 3),
(1360, 11, 1, 3),
(1361, 11, 1, 3),
(1362, 11, 1, 3),
(1363, 11, 1, 3),
(1364, 11, 1, 3),
(1365, 11, 1, 3),
(1366, 11, 1, 3),
(1367, 11, 1, 3),
(1368, 11, 1, 3),
(1369, 11, 1, 3),
(1370, 11, 1, 3),
(1371, 11, 1, 3),
(1372, 11, 1, 3),
(1373, 11, 1, 3),
(1374, 11, 1, 3),
(1375, 11, 1, 3),
(1376, 11, 1, 3),
(1377, 11, 1, 3),
(1378, 11, 1, 3),
(1379, 11, 1, 3),
(1380, 11, 1, 3),
(1381, 11, 1, 3),
(1382, 11, 1, 3),
(1383, 11, 1, 3),
(1384, 11, 1, 3),
(1385, 11, 1, 3),
(1386, 11, 1, 3),
(1387, 11, 1, 3),
(1388, 11, 1, 3),
(1389, 11, 1, 3),
(1390, 11, 1, 3),
(1391, 11, 1, 3),
(1392, 11, 1, 3),
(1393, 11, 1, 3),
(1394, 11, 1, 3),
(1395, 11, 1, 3),
(1396, 11, 1, 3),
(1397, 11, 1, 3),
(1398, 11, 1, 3),
(1399, 11, 1, 3),
(1400, 11, 1, 3),
(1401, 11, 1, 3),
(1402, 11, 1, 3),
(1403, 11, 1, 3),
(1404, 11, 1, 3),
(1405, 11, 1, 3),
(1406, 11, 1, 3),
(1407, 11, 1, 3),
(1408, 11, 1, 3),
(1409, 11, 1, 3),
(1410, 11, 1, 3),
(1411, 11, 1, 3),
(1412, 11, 1, 3),
(1413, 11, 1, 3),
(1414, 11, 1, 3),
(1415, 11, 1, 3),
(1416, 11, 1, 3),
(1417, 11, 1, 3),
(1418, 11, 1, 3),
(1419, 11, 1, 3),
(1420, 11, 1, 3),
(1421, 11, 1, 3),
(1422, 11, 1, 3),
(1423, 11, 1, 3),
(1424, 11, 1, 3),
(1425, 11, 1, 3),
(1426, 11, 1, 3),
(1427, 11, 1, 3),
(1428, 11, 1, 3),
(1429, 11, 1, 3),
(1430, 11, 1, 3),
(1431, 11, 1, 3),
(1432, 11, 1, 3),
(1433, 11, 1, 3),
(1434, 11, 1, 3),
(1435, 11, 1, 3),
(1436, 11, 1, 3),
(1437, 11, 1, 3),
(1438, 11, 1, 3),
(1439, 11, 1, 3),
(1440, 11, 1, 3),
(1441, 11, 1, 3),
(1442, 11, 1, 3),
(1443, 11, 1, 3),
(1444, 11, 1, 3),
(1445, 11, 1, 3),
(1446, 11, 1, 3),
(1447, 11, 1, 3),
(1448, 11, 1, 3),
(1449, 11, 1, 3),
(1450, 11, 1, 3),
(1451, 11, 1, 3),
(1452, 11, 1, 3),
(1453, 11, 1, 3),
(1454, 11, 1, 3),
(1455, 11, 1, 3),
(1456, 11, 1, 3),
(1457, 11, 1, 3),
(1458, 11, 1, 3),
(1459, 11, 1, 3),
(1460, 11, 1, 3),
(1461, 11, 1, 3),
(1462, 11, 1, 3),
(1463, 11, 1, 3),
(1464, 11, 1, 3),
(1465, 11, 1, 3),
(1466, 11, 1, 3),
(1467, 11, 1, 3),
(1468, 11, 1, 3),
(1469, 11, 1, 3),
(1470, 11, 1, 3),
(1471, 11, 1, 3),
(1472, 11, 1, 3),
(1473, 11, 1, 3),
(1474, 11, 1, 3),
(1475, 11, 1, 3),
(1476, 11, 1, 3),
(1477, 11, 1, 3),
(1478, 11, 1, 3),
(1479, 11, 1, 3),
(1480, 11, 1, 3),
(1481, 11, 1, 3),
(1482, 11, 1, 3),
(1483, 11, 1, 3),
(1484, 11, 1, 3),
(1485, 11, 1, 3),
(1486, 11, 1, 3),
(1487, 11, 1, 3),
(1488, 11, 1, 3),
(1489, 11, 1, 3),
(1490, 11, 1, 3),
(1491, 11, 1, 3),
(1492, 11, 1, 3),
(1493, 11, 1, 3),
(1494, 11, 1, 3),
(1495, 11, 1, 3),
(1496, 11, 1, 3),
(1497, 11, 1, 3),
(1498, 11, 1, 3),
(1499, 11, 1, 3),
(1500, 11, 1, 3),
(1501, 11, 1, 3),
(1502, 11, 1, 3),
(1503, 11, 1, 3),
(1504, 11, 1, 3),
(1505, 11, 1, 3),
(1506, 11, 1, 3),
(1507, 11, 1, 3),
(1508, 11, 1, 3),
(1509, 11, 1, 3),
(1510, 11, 1, 3),
(1511, 11, 1, 3),
(1512, 11, 1, 3),
(1513, 11, 1, 3),
(1514, 11, 1, 3),
(1515, 11, 1, 3),
(1516, 11, 1, 3),
(1517, 11, 1, 3),
(1518, 11, 1, 3),
(1519, 11, 1, 3),
(1520, 11, 1, 3),
(1521, 11, 1, 3),
(1522, 11, 1, 3),
(1523, 11, 1, 3),
(1524, 11, 1, 3),
(1525, 11, 1, 3),
(1526, 11, 1, 3),
(1527, 11, 1, 3),
(1528, 11, 1, 3),
(1529, 11, 1, 3),
(1530, 11, 1, 3),
(1531, 11, 1, 3),
(1532, 11, 1, 3),
(1533, 11, 1, 3),
(1534, 11, 1, 3),
(1535, 11, 1, 3),
(1536, 11, 1, 3),
(1537, 11, 1, 3),
(1538, 11, 1, 3),
(1539, 11, 1, 3),
(1540, 11, 1, 3),
(1541, 11, 1, 3),
(1542, 11, 1, 3),
(1543, 11, 1, 3),
(1544, 11, 1, 3),
(1545, 11, 1, 3),
(1546, 11, 1, 3),
(1547, 11, 1, 3),
(1548, 11, 1, 3),
(1549, 11, 1, 3),
(1550, 11, 1, 3),
(1551, 11, 1, 3),
(1552, 11, 1, 3),
(1553, 11, 1, 3),
(1554, 11, 1, 3),
(1555, 11, 1, 3),
(1556, 11, 1, 3),
(1557, 11, 1, 3),
(1558, 11, 1, 3),
(1559, 11, 1, 3),
(1560, 11, 1, 3),
(1561, 11, 1, 3),
(1562, 11, 1, 3),
(1563, 11, 1, 3),
(1564, 11, 1, 3),
(1565, 11, 1, 3),
(1566, 11, 1, 3),
(1567, 11, 1, 3),
(1568, 11, 1, 3),
(1569, 11, 1, 3),
(1570, 11, 1, 3),
(1571, 11, 1, 3),
(1572, 11, 1, 3),
(1573, 11, 1, 3),
(1574, 11, 1, 3),
(1575, 11, 1, 3),
(1576, 11, 1, 3),
(1577, 11, 1, 3),
(1578, 11, 1, 3),
(1579, 11, 1, 3),
(1580, 11, 1, 3),
(1581, 11, 1, 3),
(1582, 11, 1, 3),
(1583, 11, 1, 3),
(1584, 11, 1, 3),
(1585, 11, 1, 3),
(1586, 11, 1, 3),
(1587, 11, 1, 3),
(1588, 11, 1, 3),
(1589, 11, 1, 3),
(1590, 11, 1, 3),
(1591, 11, 1, 3),
(1592, 11, 1, 3),
(1593, 11, 1, 3),
(1594, 11, 1, 3),
(1595, 11, 1, 3),
(1596, 11, 1, 3),
(1597, 11, 1, 3),
(1598, 11, 1, 3),
(1599, 11, 1, 3),
(1600, 11, 1, 3),
(1601, 11, 1, 3),
(1602, 11, 1, 3),
(1603, 11, 1, 3),
(1604, 11, 1, 3),
(1605, 11, 1, 3),
(1606, 11, 1, 3),
(1607, 11, 1, 3),
(1608, 11, 1, 3),
(1609, 11, 1, 3),
(1610, 11, 1, 3),
(1611, 11, 1, 3),
(1612, 11, 1, 3),
(1613, 11, 1, 3),
(1614, 11, 1, 3),
(1615, 11, 1, 3),
(1616, 11, 1, 3),
(1617, 11, 1, 3),
(1618, 11, 1, 3),
(1619, 11, 1, 3),
(1620, 11, 1, 3),
(1621, 11, 1, 3),
(1622, 11, 1, 3),
(1623, 11, 1, 3),
(1624, 11, 1, 3),
(1625, 11, 1, 3),
(1626, 11, 1, 3),
(1627, 11, 1, 3),
(1628, 11, 1, 3),
(1629, 11, 1, 3),
(1630, 11, 1, 3),
(1631, 11, 1, 3),
(1632, 11, 1, 3),
(1633, 11, 1, 3),
(1634, 11, 1, 3),
(1635, 11, 1, 3),
(1636, 11, 1, 3),
(1637, 11, 1, 3),
(1638, 11, 1, 3),
(1639, 11, 1, 3),
(1640, 11, 1, 3),
(1641, 11, 1, 3),
(1642, 11, 1, 3),
(1643, 11, 1, 3),
(1644, 11, 1, 3),
(1645, 11, 1, 3),
(1646, 11, 1, 3),
(1647, 11, 1, 3),
(1648, 11, 1, 3),
(1649, 11, 1, 3),
(1650, 11, 1, 3),
(1651, 11, 1, 3),
(1652, 11, 1, 3),
(1653, 11, 1, 3),
(1654, 11, 1, 3),
(1655, 11, 1, 3),
(1656, 11, 1, 3),
(1657, 11, 1, 3),
(1658, 11, 1, 3),
(1659, 11, 1, 3),
(1660, 11, 1, 3),
(1661, 11, 1, 3),
(1662, 11, 1, 3),
(1663, 11, 1, 3),
(1664, 11, 1, 3),
(1665, 11, 1, 3),
(1666, 11, 1, 3),
(1667, 11, 1, 3),
(1668, 11, 1, 3),
(1669, 11, 1, 3),
(1670, 11, 1, 3),
(1671, 11, 1, 3),
(1672, 11, 1, 3),
(1673, 11, 1, 3),
(1674, 11, 1, 3),
(1675, 11, 1, 3),
(1676, 11, 1, 3),
(1677, 11, 1, 3),
(1678, 11, 1, 3),
(1679, 11, 1, 3),
(1680, 11, 1, 3),
(1681, 11, 1, 3),
(1682, 11, 1, 3),
(1683, 11, 1, 3),
(1684, 11, 1, 3),
(1685, 11, 1, 3),
(1686, 11, 1, 3),
(1687, 11, 1, 3),
(1688, 11, 1, 3),
(1689, 11, 1, 3),
(1690, 11, 1, 3),
(1691, 11, 1, 3),
(1692, 11, 1, 3),
(1693, 11, 1, 3),
(1694, 11, 1, 3),
(1695, 11, 1, 3),
(1696, 11, 1, 3),
(1697, 11, 1, 3),
(1698, 11, 1, 3),
(1699, 11, 1, 3),
(1700, 11, 1, 3),
(1701, 11, 1, 3),
(1702, 11, 1, 3),
(1703, 11, 1, 3),
(1704, 11, 1, 3),
(1705, 11, 1, 3),
(1706, 11, 1, 3),
(1707, 11, 1, 3),
(1708, 11, 1, 3),
(1709, 11, 1, 3),
(1710, 11, 1, 3),
(1711, 11, 1, 3),
(1712, 11, 1, 3),
(1713, 11, 1, 3),
(1714, 11, 1, 3),
(1715, 11, 1, 3),
(1716, 11, 1, 3),
(1717, 11, 1, 3),
(1718, 11, 1, 3),
(1719, 11, 1, 3),
(1720, 11, 1, 3),
(1721, 11, 1, 3),
(1722, 11, 1, 3),
(1723, 11, 1, 3),
(1724, 11, 1, 3),
(1725, 11, 1, 3),
(1726, 11, 1, 3),
(1727, 11, 1, 3),
(1728, 11, 1, 3),
(1729, 11, 1, 3),
(1730, 11, 1, 3),
(1731, 11, 1, 3),
(1732, 11, 1, 3),
(1733, 11, 1, 3),
(1734, 11, 1, 3),
(1735, 11, 1, 3),
(1736, 11, 1, 3),
(1737, 11, 1, 3),
(1738, 11, 1, 3),
(1739, 11, 1, 3),
(1740, 11, 1, 3),
(1741, 11, 1, 3),
(1742, 11, 1, 3),
(1743, 11, 1, 3),
(1744, 11, 1, 3),
(1745, 11, 1, 3),
(1746, 11, 1, 3),
(1747, 11, 1, 3),
(1748, 11, 1, 3),
(1749, 11, 1, 3),
(1750, 11, 1, 3),
(1751, 11, 1, 3),
(1752, 11, 1, 3),
(1753, 11, 1, 3),
(1754, 11, 1, 3),
(1755, 11, 1, 3),
(1756, 11, 1, 3),
(1757, 11, 1, 3),
(1758, 11, 1, 3),
(1759, 11, 1, 3),
(1760, 11, 1, 3),
(1761, 11, 1, 3),
(1762, 11, 1, 3),
(1763, 11, 1, 3),
(1764, 11, 1, 3),
(1765, 11, 1, 3),
(1766, 11, 1, 3),
(1767, 11, 1, 3),
(1768, 11, 1, 3),
(1769, 11, 1, 3),
(1770, 11, 1, 3),
(1771, 11, 1, 3),
(1772, 11, 1, 3),
(1773, 11, 1, 3),
(1774, 11, 1, 3),
(1775, 11, 1, 3),
(1776, 11, 1, 3),
(1777, 11, 1, 3),
(1778, 11, 1, 3),
(1779, 11, 1, 3),
(1780, 11, 1, 3),
(1781, 11, 1, 3),
(1782, 11, 1, 3),
(1783, 11, 1, 3),
(1784, 11, 1, 3),
(1785, 11, 1, 3),
(1786, 11, 1, 3),
(1787, 11, 1, 3),
(1788, 11, 1, 3),
(1789, 11, 1, 3),
(1790, 11, 1, 3),
(1791, 11, 1, 3),
(1792, 11, 1, 3),
(1793, 11, 1, 3),
(1794, 11, 1, 3),
(1795, 11, 1, 3),
(1796, 11, 1, 3),
(1797, 11, 1, 3),
(1798, 11, 1, 3),
(1799, 11, 1, 3),
(1800, 11, 1, 3),
(1801, 11, 1, 3),
(1802, 11, 1, 3),
(1803, 11, 1, 3),
(1804, 11, 1, 3),
(1805, 11, 1, 3),
(1806, 11, 1, 3),
(1807, 11, 1, 3),
(1808, 11, 1, 3),
(1809, 11, 1, 3),
(1810, 11, 1, 3),
(1811, 11, 1, 3),
(1812, 11, 1, 3),
(1813, 11, 1, 3),
(1814, 11, 1, 3),
(1815, 11, 1, 3),
(1816, 11, 1, 3),
(1817, 11, 1, 3),
(1818, 11, 1, 3),
(1819, 11, 1, 3),
(1820, 11, 1, 3),
(1821, 11, 1, 3),
(1822, 11, 1, 3),
(1823, 11, 1, 3),
(1824, 11, 1, 3),
(1825, 11, 1, 3),
(1826, 11, 1, 3),
(1827, 11, 1, 3),
(1828, 11, 1, 3),
(1829, 11, 1, 3),
(1830, 11, 1, 3),
(1831, 11, 1, 3),
(1832, 11, 1, 3),
(1833, 11, 1, 3),
(1834, 11, 1, 3),
(1835, 11, 1, 3),
(1836, 11, 1, 3),
(1837, 11, 1, 3),
(1838, 11, 1, 3),
(1839, 11, 1, 3),
(1840, 11, 1, 3),
(1841, 11, 1, 3),
(1842, 11, 1, 3),
(1843, 11, 1, 3),
(1844, 11, 1, 3),
(1845, 11, 1, 3),
(1846, 11, 1, 3),
(1847, 11, 1, 3),
(1848, 11, 1, 3),
(1849, 11, 1, 3),
(1850, 11, 1, 3),
(1851, 11, 1, 3),
(1852, 11, 1, 3),
(1853, 11, 1, 3),
(1854, 11, 1, 3),
(1855, 11, 1, 3),
(1856, 11, 1, 3),
(1857, 11, 1, 3),
(1858, 11, 1, 3),
(1859, 11, 1, 3),
(1860, 11, 1, 3),
(1861, 11, 1, 3),
(1862, 11, 1, 3),
(1863, 11, 1, 3),
(1864, 11, 1, 3),
(1865, 11, 1, 3),
(1866, 11, 1, 3),
(1867, 11, 1, 3),
(1868, 11, 1, 3),
(1869, 11, 1, 3),
(1870, 11, 1, 3),
(1871, 11, 1, 3),
(1872, 11, 1, 3),
(1873, 11, 1, 3),
(1874, 11, 1, 3),
(1875, 11, 1, 3),
(1876, 11, 1, 3),
(1877, 11, 1, 3),
(1878, 11, 1, 3),
(1879, 11, 1, 3),
(1880, 11, 1, 3),
(1881, 11, 1, 3),
(1882, 11, 1, 3),
(1883, 11, 1, 3),
(1884, 11, 1, 3),
(1885, 11, 1, 3),
(1886, 11, 1, 3),
(1887, 11, 1, 3),
(1888, 11, 1, 3),
(1889, 11, 1, 3),
(1890, 11, 1, 3),
(1891, 11, 1, 3),
(1892, 11, 1, 3),
(1893, 11, 1, 3),
(1894, 11, 1, 3),
(1895, 11, 1, 3),
(1896, 11, 1, 3),
(1897, 11, 1, 3),
(1898, 11, 1, 3),
(1899, 11, 1, 3),
(1900, 11, 1, 3),
(1901, 11, 1, 3),
(1902, 11, 1, 3),
(1903, 11, 1, 3),
(1904, 11, 1, 3),
(1905, 11, 1, 3),
(1906, 11, 1, 3),
(1907, 11, 1, 3),
(1908, 11, 1, 3),
(1909, 11, 1, 3),
(1910, 11, 1, 3),
(1911, 11, 1, 3),
(1912, 11, 1, 3),
(1913, 11, 1, 3),
(1914, 11, 1, 3),
(1915, 11, 1, 3),
(1916, 11, 1, 3),
(1917, 11, 1, 3),
(1918, 11, 1, 3),
(1919, 11, 1, 3),
(1920, 11, 1, 3),
(1921, 11, 1, 3),
(1922, 11, 1, 3),
(1923, 11, 1, 3),
(1924, 11, 1, 3),
(1925, 11, 1, 3),
(1926, 11, 1, 3),
(1927, 11, 1, 3),
(1928, 11, 1, 3),
(1929, 11, 1, 3),
(1930, 11, 1, 3),
(1931, 11, 1, 3),
(1932, 11, 1, 3),
(1933, 11, 1, 3),
(1934, 11, 1, 3),
(1935, 11, 1, 3),
(1936, 11, 1, 3),
(1937, 11, 1, 3),
(1938, 11, 1, 3),
(1939, 11, 1, 3),
(1940, 11, 1, 3),
(1941, 11, 1, 3),
(1942, 11, 1, 3),
(1943, 11, 1, 3),
(1944, 11, 1, 3),
(1945, 11, 1, 3),
(1946, 11, 1, 3),
(1947, 11, 1, 3),
(1948, 11, 1, 3),
(1949, 11, 1, 3),
(1950, 11, 1, 3),
(1951, 11, 1, 3),
(1952, 11, 1, 3),
(1953, 11, 1, 3),
(1954, 11, 1, 3),
(1955, 11, 1, 3),
(1956, 11, 1, 3),
(1957, 11, 1, 3),
(1958, 11, 1, 3),
(1959, 11, 1, 3),
(1960, 11, 1, 3),
(1961, 11, 1, 3),
(1962, 11, 1, 3),
(1963, 11, 1, 3),
(1964, 11, 1, 3),
(1965, 11, 1, 3),
(1966, 11, 1, 3),
(1967, 11, 1, 3),
(1968, 11, 1, 3),
(1969, 11, 1, 3),
(1970, 11, 1, 3),
(1971, 11, 1, 3),
(1972, 11, 1, 3),
(1973, 11, 1, 3),
(1974, 11, 1, 3),
(1975, 11, 1, 3),
(1976, 11, 1, 3),
(1977, 11, 1, 3),
(1978, 11, 1, 3),
(1979, 11, 1, 3),
(1980, 11, 1, 3),
(1981, 11, 1, 3),
(1982, 11, 1, 3),
(1983, 11, 1, 3),
(1984, 11, 1, 3),
(1985, 11, 1, 3),
(1986, 11, 1, 3),
(1987, 11, 1, 3),
(1988, 11, 1, 3),
(1989, 11, 1, 3),
(1990, 11, 1, 3),
(1991, 11, 1, 3),
(1992, 11, 1, 3),
(1993, 11, 1, 3),
(1994, 11, 1, 3),
(1995, 11, 1, 3),
(1996, 11, 1, 3),
(1997, 11, 1, 3),
(1998, 11, 1, 3),
(1999, 11, 1, 3),
(2000, 11, 1, 3),
(2001, 11, 1, 3),
(2002, 11, 1, 3),
(2003, 11, 1, 3),
(2004, 11, 1, 3),
(2005, 11, 1, 3),
(2006, 11, 1, 3),
(2007, 11, 1, 3),
(2008, 11, 1, 3),
(2009, 11, 1, 3),
(2010, 11, 1, 3),
(2011, 11, 1, 3),
(2012, 11, 1, 3),
(2013, 11, 1, 3),
(2014, 11, 1, 3),
(2015, 11, 1, 3),
(2016, 11, 1, 3),
(2017, 11, 1, 3),
(2018, 11, 1, 3),
(2019, 11, 1, 3),
(2020, 11, 1, 3),
(2021, 11, 1, 3),
(2022, 11, 1, 3),
(2023, 11, 1, 3),
(2024, 11, 1, 3),
(2025, 11, 1, 3),
(2026, 11, 1, 3),
(2027, 11, 1, 3),
(2028, 11, 1, 3),
(2029, 11, 1, 3),
(2030, 11, 1, 3),
(2031, 11, 1, 3),
(2032, 11, 1, 3),
(2033, 11, 1, 3),
(2034, 11, 1, 3),
(2035, 11, 1, 3),
(2036, 11, 1, 3),
(2037, 11, 1, 3),
(2038, 11, 1, 3),
(2039, 11, 1, 3),
(2040, 11, 1, 3),
(2041, 11, 1, 3),
(2042, 11, 1, 3),
(2043, 11, 1, 3),
(2044, 11, 1, 3),
(2045, 11, 1, 3),
(2046, 11, 1, 3),
(2047, 11, 1, 3),
(2048, 11, 1, 3),
(2049, 11, 1, 3),
(2050, 11, 1, 3),
(2051, 11, 1, 3),
(2052, 11, 1, 3),
(2053, 11, 1, 3),
(2054, 11, 1, 3),
(2055, 11, 1, 3),
(2056, 11, 1, 3),
(2057, 11, 1, 3),
(2058, 11, 1, 3),
(2059, 11, 1, 3),
(2060, 11, 1, 3),
(2061, 11, 1, 3),
(2062, 11, 1, 3),
(2063, 11, 1, 3),
(2064, 11, 1, 3),
(2065, 11, 1, 3),
(2066, 11, 1, 3),
(2067, 11, 1, 3),
(2068, 11, 1, 3),
(2069, 11, 1, 3),
(2070, 11, 1, 3),
(2071, 11, 1, 3),
(2072, 11, 1, 3),
(2073, 11, 1, 3),
(2074, 11, 1, 3),
(2075, 11, 1, 3),
(2076, 11, 1, 3),
(2077, 11, 1, 3),
(2078, 11, 1, 3),
(2079, 11, 1, 3),
(2080, 11, 1, 3),
(2081, 11, 1, 3),
(2082, 11, 1, 3),
(2083, 11, 1, 3),
(2084, 11, 1, 3),
(2085, 11, 1, 3),
(2086, 11, 1, 3),
(2087, 11, 1, 3),
(2088, 11, 1, 3),
(2089, 11, 1, 3),
(2090, 11, 1, 3),
(2091, 11, 1, 3),
(2092, 11, 1, 3),
(2093, 11, 1, 3),
(2094, 11, 1, 3),
(2095, 11, 1, 3),
(2096, 11, 1, 3),
(2097, 11, 1, 3),
(2098, 11, 1, 3),
(2099, 11, 1, 3),
(2100, 11, 1, 3),
(2101, 11, 1, 3),
(2102, 11, 1, 3),
(2103, 11, 1, 3),
(2104, 11, 1, 3),
(2105, 11, 1, 3),
(2106, 11, 1, 3),
(2107, 11, 1, 3),
(2108, 11, 1, 3),
(2109, 11, 1, 3),
(2110, 11, 1, 3),
(2111, 11, 1, 3),
(2112, 11, 1, 3),
(2113, 11, 1, 3),
(2114, 11, 1, 3),
(2115, 11, 1, 3),
(2116, 11, 1, 3),
(2117, 11, 1, 3),
(2118, 11, 1, 3),
(2119, 11, 1, 3),
(2120, 11, 1, 3),
(2121, 11, 1, 3),
(2122, 11, 1, 3),
(2123, 11, 1, 3),
(2124, 11, 1, 3),
(2125, 11, 1, 3),
(2126, 11, 1, 3),
(2127, 11, 1, 3),
(2128, 11, 1, 3),
(2129, 11, 1, 3),
(2130, 11, 1, 3),
(2131, 11, 1, 3),
(2132, 11, 1, 3),
(2133, 11, 1, 3),
(2134, 11, 1, 3),
(2135, 11, 1, 3),
(2136, 11, 1, 3),
(2137, 11, 1, 3),
(2138, 11, 1, 3),
(2139, 11, 1, 3),
(2140, 11, 1, 3),
(2141, 11, 1, 3),
(2142, 11, 1, 3),
(2143, 11, 1, 3),
(2144, 11, 1, 3),
(2145, 11, 1, 3),
(2146, 11, 1, 3),
(2147, 11, 1, 3),
(2148, 11, 1, 3),
(2149, 11, 1, 3),
(2150, 11, 1, 3),
(2151, 11, 1, 3),
(2152, 11, 1, 3),
(2153, 11, 1, 3),
(2154, 11, 1, 3),
(2155, 11, 1, 3),
(2156, 11, 1, 3),
(2157, 11, 1, 3),
(2158, 11, 1, 3),
(2159, 11, 1, 3),
(2160, 11, 1, 3),
(2161, 11, 1, 3),
(2162, 11, 1, 3),
(2163, 11, 1, 3),
(2164, 11, 1, 3),
(2165, 11, 1, 3),
(2166, 11, 1, 3),
(2167, 11, 1, 3),
(2168, 11, 1, 3),
(2169, 11, 1, 3),
(2170, 11, 1, 3),
(2171, 11, 1, 3),
(2172, 11, 1, 3),
(2173, 11, 1, 3),
(2174, 11, 1, 3),
(2175, 11, 1, 3),
(2176, 11, 1, 3),
(2177, 11, 1, 3),
(2178, 11, 1, 3),
(2179, 11, 1, 3),
(2180, 11, 1, 3),
(2181, 11, 1, 3),
(2182, 11, 1, 3),
(2183, 11, 1, 3),
(2184, 11, 1, 3),
(2185, 11, 1, 3),
(2186, 11, 1, 3),
(2187, 11, 1, 3),
(2188, 11, 1, 3),
(2189, 11, 1, 3),
(2190, 11, 1, 3),
(2191, 11, 1, 3),
(2192, 11, 1, 3),
(2193, 11, 1, 3),
(2194, 11, 1, 3),
(2195, 11, 1, 3),
(2196, 11, 1, 3),
(2197, 11, 1, 3),
(2198, 11, 1, 3),
(2199, 11, 1, 3),
(2200, 11, 1, 3),
(2201, 11, 1, 3),
(2202, 11, 1, 3),
(2203, 11, 1, 3),
(2204, 11, 1, 3),
(2205, 11, 1, 3),
(2206, 11, 1, 3),
(2207, 11, 1, 3),
(2208, 11, 1, 3),
(2209, 11, 1, 3),
(2210, 11, 1, 3),
(2211, 11, 1, 3),
(2212, 11, 1, 3),
(2213, 11, 1, 3),
(2214, 11, 1, 3),
(2215, 11, 1, 3),
(2216, 11, 1, 3),
(2217, 11, 1, 3),
(2218, 11, 1, 3),
(2219, 11, 1, 3),
(2220, 11, 1, 3),
(2221, 11, 1, 3),
(2222, 11, 1, 3),
(2223, 11, 1, 3),
(2224, 11, 1, 3),
(2225, 11, 1, 3),
(2226, 11, 1, 3),
(2227, 11, 1, 3),
(2228, 11, 1, 3),
(2229, 11, 1, 3),
(2230, 11, 1, 3),
(2231, 11, 1, 3),
(2232, 11, 1, 3),
(2233, 11, 1, 3),
(2234, 11, 1, 3),
(2235, 11, 1, 3),
(2236, 11, 1, 3),
(2237, 11, 1, 3),
(2238, 11, 1, 3),
(2239, 11, 1, 3),
(2240, 11, 1, 3),
(2241, 11, 1, 3),
(2242, 11, 1, 3),
(2243, 11, 1, 3),
(2244, 11, 1, 3),
(2245, 11, 1, 3),
(2246, 11, 1, 3),
(2247, 11, 1, 3),
(2248, 11, 1, 3),
(2249, 11, 1, 3),
(2250, 11, 1, 3),
(2251, 11, 1, 3),
(2252, 11, 1, 3),
(2253, 11, 1, 3),
(2254, 11, 1, 3),
(2255, 11, 1, 3),
(2256, 11, 1, 3),
(2257, 11, 1, 3),
(2258, 11, 1, 3),
(2259, 11, 1, 3),
(2260, 11, 1, 3),
(2261, 11, 1, 3),
(2262, 11, 1, 3),
(2263, 11, 1, 3),
(2264, 11, 1, 3),
(2265, 11, 1, 3),
(2266, 11, 1, 3),
(2267, 11, 1, 3),
(2268, 11, 1, 3),
(2269, 11, 1, 3),
(2270, 11, 1, 3),
(2271, 11, 1, 3),
(2272, 11, 1, 3),
(2273, 11, 1, 3),
(2274, 11, 1, 3),
(2275, 11, 1, 3),
(2276, 11, 1, 3),
(2277, 11, 1, 3),
(2278, 11, 1, 3),
(2279, 11, 1, 3),
(2280, 11, 1, 3),
(2281, 11, 1, 3),
(2282, 11, 1, 3),
(2283, 11, 1, 3),
(2284, 11, 1, 3),
(2285, 11, 1, 3),
(2286, 11, 1, 3),
(2287, 11, 1, 3),
(2288, 11, 1, 3),
(2289, 11, 1, 3),
(2290, 11, 1, 3),
(2291, 11, 1, 3),
(2292, 11, 1, 3),
(2293, 11, 1, 3),
(2294, 11, 1, 3),
(2295, 11, 1, 3),
(2296, 11, 1, 3),
(2297, 11, 1, 3),
(2298, 11, 1, 3),
(2299, 11, 1, 3),
(2300, 11, 1, 3),
(2301, 11, 1, 3),
(2302, 11, 1, 3),
(2303, 11, 1, 3),
(2304, 11, 1, 3),
(2305, 11, 1, 3),
(2306, 8, 5, 4),
(2307, 10, 5, 4),
(2308, 10, 5, 4),
(2309, 10, 5, 4),
(2310, 10, 5, 4),
(2311, 10, 5, 4),
(2312, 10, 5, 4),
(2313, 10, 5, 4),
(2314, 10, 5, 4),
(2315, 10, 5, 4),
(2316, 10, 5, 4),
(2317, 10, 5, 4),
(2318, 10, 5, 4),
(2319, 10, 5, 4),
(2320, 10, 5, 4),
(2321, 8, 5, 4),
(2322, 10, 5, 4),
(2323, 10, 5, 4),
(2324, 10, 5, 4),
(2325, 10, 5, 4),
(2326, 10, 5, 4),
(2327, 10, 5, 4),
(2328, 10, 5, 4),
(2329, 10, 5, 4),
(2330, 10, 5, 4),
(2331, 10, 5, 4),
(2332, 10, 5, 4),
(2333, 10, 5, 4),
(2334, 10, 5, 4),
(2335, 10, 5, 4),
(2336, 8, 5, 4),
(2337, 10, 5, 4),
(2338, 10, 5, 4),
(2339, 10, 5, 4),
(2340, 10, 5, 4),
(2341, 10, 5, 4),
(2342, 10, 5, 4),
(2343, 10, 5, 4),
(2344, 10, 5, 4),
(2345, 10, 5, 4),
(2346, 10, 5, 4),
(2347, 10, 5, 4),
(2348, 10, 5, 4),
(2349, 10, 5, 4),
(2350, 10, 5, 4),
(2351, 8, 5, 4),
(2352, 10, 5, 4),
(2353, 10, 5, 4),
(2354, 10, 5, 4),
(2355, 10, 5, 4),
(2356, 10, 5, 4),
(2357, 10, 5, 4),
(2358, 10, 5, 4),
(2359, 10, 5, 4),
(2360, 10, 5, 4),
(2361, 10, 5, 4),
(2362, 10, 5, 4),
(2363, 10, 5, 4),
(2364, 10, 5, 4),
(2365, 10, 5, 4),
(2366, 8, 5, 4),
(2367, 10, 5, 4),
(2368, 10, 5, 4),
(2369, 10, 5, 4),
(2370, 10, 5, 4),
(2371, 10, 5, 4),
(2372, 10, 5, 4),
(2373, 10, 5, 4),
(2374, 10, 5, 4),
(2375, 10, 5, 4),
(2376, 10, 5, 4),
(2377, 10, 5, 4),
(2378, 10, 5, 4),
(2379, 10, 5, 4),
(2380, 10, 5, 4),
(2381, 8, 5, 4),
(2382, 10, 5, 4),
(2383, 10, 5, 4),
(2384, 10, 5, 4),
(2385, 10, 5, 4),
(2386, 10, 5, 4),
(2387, 10, 5, 4),
(2388, 10, 5, 4),
(2389, 10, 5, 4),
(2390, 10, 5, 4),
(2391, 10, 5, 4),
(2392, 10, 5, 4),
(2393, 10, 5, 4),
(2394, 10, 5, 4),
(2395, 10, 5, 4),
(2396, 8, 5, 4),
(2397, 10, 5, 4),
(2398, 10, 5, 4),
(2399, 10, 5, 4),
(2400, 10, 5, 4),
(2401, 10, 5, 4),
(2402, 10, 5, 4),
(2403, 10, 5, 4),
(2404, 10, 5, 4),
(2405, 10, 5, 4),
(2406, 10, 5, 4),
(2407, 10, 5, 4),
(2408, 10, 5, 4),
(2409, 10, 5, 4),
(2410, 10, 5, 4),
(2411, 8, 5, 4),
(2412, 10, 5, 4),
(2413, 10, 5, 4),
(2414, 10, 5, 4),
(2415, 10, 5, 4),
(2416, 10, 5, 4),
(2417, 10, 5, 4),
(2418, 10, 5, 4),
(2419, 10, 5, 4),
(2420, 10, 5, 4),
(2421, 10, 5, 4),
(2422, 10, 5, 4),
(2423, 10, 5, 4),
(2424, 10, 5, 4),
(2425, 10, 5, 4),
(2426, 8, 5, 4),
(2427, 10, 5, 4),
(2428, 10, 5, 4),
(2429, 10, 5, 4),
(2430, 10, 5, 4),
(2431, 10, 5, 4),
(2432, 10, 5, 4),
(2433, 10, 5, 4),
(2434, 10, 5, 4),
(2435, 10, 5, 4),
(2436, 10, 5, 4),
(2437, 10, 5, 4),
(2438, 10, 5, 4),
(2439, 10, 5, 4),
(2440, 10, 5, 4),
(2441, 8, 5, 4),
(2442, 10, 5, 4),
(2443, 10, 5, 4),
(2444, 10, 5, 4),
(2445, 10, 5, 4),
(2446, 10, 5, 4),
(2447, 10, 5, 4),
(2448, 10, 5, 4),
(2449, 10, 5, 4),
(2450, 10, 5, 4),
(2451, 10, 5, 4),
(2452, 10, 5, 4),
(2453, 10, 5, 4),
(2454, 10, 5, 4),
(2455, 10, 5, 4),
(2456, 8, 5, 4),
(2457, 10, 5, 4),
(2458, 10, 5, 4),
(2459, 10, 5, 4),
(2460, 10, 5, 4),
(2461, 10, 5, 4),
(2462, 10, 5, 4),
(2463, 10, 5, 4),
(2464, 10, 5, 4),
(2465, 10, 5, 4),
(2466, 10, 5, 4),
(2467, 10, 5, 4),
(2468, 10, 5, 4),
(2469, 10, 5, 4),
(2470, 10, 5, 4),
(2471, 8, 5, 4),
(2472, 10, 5, 4),
(2473, 10, 5, 4),
(2474, 10, 5, 4),
(2475, 10, 5, 4),
(2476, 10, 5, 4),
(2477, 10, 5, 4),
(2478, 10, 5, 4),
(2479, 10, 5, 4),
(2480, 10, 5, 4),
(2481, 10, 5, 4),
(2482, 10, 5, 4),
(2483, 10, 5, 4),
(2484, 10, 5, 4),
(2485, 10, 5, 4),
(2486, 8, 5, 4),
(2487, 10, 5, 4),
(2488, 10, 5, 4),
(2489, 10, 5, 4),
(2490, 10, 5, 4),
(2491, 10, 5, 4),
(2492, 10, 5, 4),
(2493, 10, 5, 4),
(2494, 10, 5, 4),
(2495, 10, 5, 4),
(2496, 10, 5, 4),
(2497, 10, 5, 4),
(2498, 10, 5, 4),
(2499, 10, 5, 4),
(2500, 10, 5, 4),
(2501, 8, 5, 4),
(2502, 10, 5, 4),
(2503, 10, 5, 4),
(2504, 10, 5, 4),
(2505, 10, 5, 4),
(2506, 10, 5, 4),
(2507, 10, 5, 4),
(2508, 10, 5, 4),
(2509, 10, 5, 4),
(2510, 10, 5, 4),
(2511, 10, 5, 4),
(2512, 10, 5, 4),
(2513, 10, 5, 4),
(2514, 10, 5, 4),
(2515, 10, 5, 4),
(2516, 8, 5, 4),
(2517, 10, 5, 4),
(2518, 10, 5, 4),
(2519, 10, 5, 4),
(2520, 10, 5, 4),
(2521, 10, 5, 4),
(2522, 10, 5, 4),
(2523, 10, 5, 4),
(2524, 10, 5, 4),
(2525, 10, 5, 4),
(2526, 10, 5, 4),
(2527, 10, 5, 4),
(2528, 10, 5, 4),
(2529, 10, 5, 4),
(2530, 10, 5, 4),
(2531, 8, 5, 4),
(2532, 10, 5, 4),
(2533, 10, 5, 4),
(2534, 10, 5, 4),
(2535, 10, 5, 4),
(2536, 10, 5, 4),
(2537, 10, 5, 4),
(2538, 10, 5, 4),
(2539, 10, 5, 4),
(2540, 10, 5, 4),
(2541, 10, 5, 4),
(2542, 10, 5, 4),
(2543, 10, 5, 4),
(2544, 10, 5, 4),
(2545, 10, 5, 4),
(2546, 11, 4, 2),
(2547, 11, 4, 2),
(2548, 11, 4, 2),
(2549, 11, 4, 2),
(2550, 11, 4, 2),
(2551, 11, 4, 2),
(2552, 11, 4, 2),
(2553, 11, 4, 2),
(2554, 11, 4, 2),
(2555, 11, 4, 2),
(2556, 11, 4, 2),
(2557, 11, 4, 2),
(2558, 11, 4, 2),
(2559, 11, 4, 2),
(2560, 11, 4, 2),
(2561, 3, 4, 2),
(2562, 11, 4, 2),
(2563, 11, 4, 2),
(2564, 11, 4, 2),
(2565, 11, 4, 2),
(2566, 11, 4, 2),
(2567, 11, 4, 2),
(2568, 11, 4, 2),
(2569, 11, 4, 2),
(2570, 11, 4, 2),
(2571, 3, 4, 2),
(2572, 11, 4, 2),
(2573, 11, 4, 2),
(2574, 11, 4, 2),
(2575, 11, 4, 2),
(2576, 11, 4, 2),
(2577, 11, 4, 2),
(2578, 11, 4, 2),
(2579, 11, 4, 2),
(2580, 11, 4, 2),
(2581, 3, 4, 2),
(2582, 11, 4, 2),
(2583, 11, 4, 2),
(2584, 11, 4, 2),
(2585, 11, 4, 2),
(2586, 11, 4, 2),
(2587, 11, 4, 2),
(2588, 11, 4, 2),
(2589, 11, 4, 2),
(2590, 11, 4, 2),
(2591, 3, 4, 2),
(2592, 11, 4, 2),
(2593, 11, 4, 2),
(2594, 11, 4, 2),
(2595, 11, 4, 2),
(2596, 11, 4, 2),
(2597, 11, 4, 2),
(2598, 11, 4, 2),
(2599, 11, 4, 2),
(2600, 11, 4, 2),
(2601, 3, 4, 2),
(2602, 11, 4, 2),
(2603, 11, 4, 2),
(2604, 11, 4, 2),
(2605, 11, 4, 2),
(2606, 11, 4, 2),
(2607, 11, 4, 2),
(2608, 11, 4, 2),
(2609, 11, 4, 2),
(2610, 11, 4, 2),
(2611, 3, 4, 2),
(2612, 11, 4, 2),
(2613, 11, 4, 2),
(2614, 11, 4, 2),
(2615, 11, 4, 2),
(2616, 11, 4, 2),
(2617, 11, 4, 2),
(2618, 11, 4, 2),
(2619, 11, 4, 2),
(2620, 11, 4, 2),
(2621, 3, 4, 2),
(2622, 11, 4, 2),
(2623, 11, 4, 2),
(2624, 11, 4, 2),
(2625, 11, 4, 2),
(2626, 11, 25, 2),
(2627, 3, 12, 1),
(2628, 2, 9, 4),
(2629, 2, 2, 2),
(2630, 3, 4, 2),
(2631, 2, 12, 1),
(2632, 2, 9, 3),
(2633, 1, 5, 4),
(2634, 9, 9, 1),
(2635, 2, 2, 2),
(2636, 2, 2, 2),
(2637, 2, 9, 3),
(2638, 3, 4, 2),
(2639, 2, 9, 3),
(2640, 2, 9, 3),
(2641, 1, 5, 4),
(2642, 10, 5, 3),
(2643, 3, 12, 1),
(2644, 2, 2, 2),
(2645, 2, 9, 3),
(2646, 3, 4, 2),
(2647, 2, 9, 3),
(2648, 2, 2, 2),
(2649, 1, 5, 4),
(2650, 8, 2, 2),
(2651, 2, 9, 3),
(2652, 2, 2, 2),
(2653, 3, 4, 2),
(2654, 3, 4, 2),
(2655, 2, 9, 3),
(2656, 1, 5, 3),
(2657, 1, 5, 4),
(2658, 10, 5, 3),
(2659, 2, 25, 4),
(2660, 2, 2, 2),
(2661, 3, 4, 2),
(2662, 3, 2, 2),
(2663, 2, 9, 3),
(2664, 1, 5, 4),
(2665, 1, 5, 4),
(2666, 11, 25, 2),
(2667, 3, 12, 1),
(2668, 2, 9, 4),
(2669, 2, 2, 2),
(2670, 3, 4, 2),
(2671, 2, 12, 1),
(2672, 2, 9, 3),
(2673, 1, 5, 4),
(2674, 9, 9, 1),
(2675, 2, 2, 2),
(2676, 2, 2, 2),
(2677, 2, 9, 3),
(2678, 3, 4, 2),
(2679, 2, 9, 3),
(2680, 2, 9, 3),
(2681, 1, 5, 4),
(2682, 10, 5, 3),
(2683, 3, 12, 1),
(2684, 2, 2, 2),
(2685, 2, 9, 3),
(2686, 3, 4, 2),
(2687, 2, 9, 3),
(2688, 2, 2, 2),
(2689, 1, 5, 4),
(2690, 8, 2, 2),
(2691, 2, 9, 3),
(2692, 2, 2, 2),
(2693, 3, 4, 2),
(2694, 3, 4, 2),
(2695, 2, 9, 3),
(2696, 1, 5, 3),
(2697, 1, 5, 4),
(2698, 10, 5, 3),
(2699, 2, 25, 4),
(2700, 2, 2, 2),
(2701, 3, 4, 2),
(2702, 3, 2, 2),
(2703, 2, 9, 3),
(2704, 1, 5, 4),
(2705, 1, 5, 4),
(2706, 11, 25, 2),
(2707, 3, 12, 1),
(2708, 2, 9, 4),
(2709, 2, 2, 2),
(2710, 3, 4, 2),
(2711, 2, 12, 1),
(2712, 2, 9, 3),
(2713, 1, 5, 4),
(2714, 9, 9, 1),
(2715, 2, 2, 2),
(2716, 2, 2, 2),
(2717, 2, 9, 3),
(2718, 3, 4, 2),
(2719, 2, 9, 3),
(2720, 2, 9, 3),
(2721, 1, 5, 4),
(2722, 10, 5, 3),
(2723, 3, 12, 1),
(2724, 2, 2, 2),
(2725, 2, 9, 3),
(2726, 3, 4, 2),
(2727, 2, 9, 3),
(2728, 2, 2, 2),
(2729, 1, 5, 4),
(2730, 8, 2, 2),
(2731, 2, 9, 3),
(2732, 2, 2, 2),
(2733, 3, 4, 2),
(2734, 3, 4, 2),
(2735, 2, 9, 3),
(2736, 1, 5, 3),
(2737, 1, 5, 4),
(2738, 10, 5, 3),
(2739, 2, 25, 4),
(2740, 2, 2, 2),
(2741, 3, 4, 2),
(2742, 3, 2, 2),
(2743, 2, 9, 3),
(2744, 1, 5, 4),
(2745, 1, 5, 4),
(2746, 11, 25, 2),
(2747, 3, 12, 1),
(2748, 2, 9, 4),
(2749, 2, 2, 2),
(2750, 3, 4, 2),
(2751, 2, 12, 1),
(2752, 2, 9, 3),
(2753, 1, 5, 4),
(2754, 9, 9, 1),
(2755, 2, 2, 2),
(2756, 2, 2, 2),
(2757, 2, 9, 3),
(2758, 3, 4, 2),
(2759, 2, 9, 3),
(2760, 2, 9, 3),
(2761, 1, 5, 4),
(2762, 10, 5, 3),
(2763, 3, 12, 1),
(2764, 2, 2, 2),
(2765, 2, 9, 3),
(2766, 3, 4, 2),
(2767, 2, 9, 3),
(2768, 2, 2, 2),
(2769, 1, 5, 4),
(2770, 8, 2, 2),
(2771, 2, 9, 3),
(2772, 2, 2, 2),
(2773, 3, 4, 2),
(2774, 3, 4, 2),
(2775, 2, 9, 3),
(2776, 1, 5, 3),
(2777, 1, 5, 4),
(2778, 10, 5, 3),
(2779, 2, 25, 4),
(2780, 2, 2, 2),
(2781, 3, 4, 2),
(2782, 3, 2, 2),
(2783, 2, 9, 3),
(2784, 1, 5, 4),
(2785, 1, 5, 4),
(2786, 11, 25, 2),
(2787, 3, 12, 1),
(2788, 2, 9, 4),
(2789, 2, 2, 2),
(2790, 3, 4, 2),
(2791, 2, 12, 1),
(2792, 2, 9, 3),
(2793, 1, 5, 4),
(2794, 9, 9, 1),
(2795, 2, 2, 2),
(2796, 2, 2, 2),
(2797, 2, 9, 3),
(2798, 3, 4, 2),
(2799, 2, 9, 3),
(2800, 2, 9, 3),
(2801, 1, 5, 4),
(2802, 10, 5, 3),
(2803, 3, 12, 1),
(2804, 2, 2, 2),
(2805, 2, 9, 3),
(2806, 3, 4, 2),
(2807, 2, 9, 3),
(2808, 2, 2, 2),
(2809, 1, 5, 4),
(2810, 8, 2, 2),
(2811, 2, 9, 3),
(2812, 2, 2, 2),
(2813, 3, 4, 2),
(2814, 3, 4, 2),
(2815, 2, 9, 3),
(2816, 1, 5, 3),
(2817, 1, 5, 4),
(2818, 10, 5, 3),
(2819, 2, 25, 4),
(2820, 2, 2, 2),
(2821, 3, 4, 2),
(2822, 3, 2, 2),
(2823, 2, 9, 3),
(2824, 1, 5, 4),
(2825, 1, 5, 4),
(2826, 11, 25, 2),
(2827, 3, 12, 1),
(2828, 2, 9, 4),
(2829, 2, 2, 2),
(2830, 3, 4, 2),
(2831, 2, 12, 1),
(2832, 2, 9, 3),
(2833, 1, 5, 4),
(2834, 9, 9, 1),
(2835, 2, 2, 2),
(2836, 2, 2, 2),
(2837, 2, 9, 3),
(2838, 3, 4, 2),
(2839, 2, 9, 3),
(2840, 2, 9, 3),
(2841, 1, 5, 4),
(2842, 10, 5, 3),
(2843, 3, 12, 1),
(2844, 2, 2, 2),
(2845, 2, 9, 3),
(2846, 3, 4, 2),
(2847, 2, 9, 3),
(2848, 2, 2, 2),
(2849, 1, 5, 4),
(2850, 8, 2, 2),
(2851, 2, 9, 3),
(2852, 2, 2, 2),
(2853, 3, 4, 2),
(2854, 3, 4, 2),
(2855, 2, 9, 3),
(2856, 1, 5, 3),
(2857, 1, 5, 4),
(2858, 10, 5, 3),
(2859, 2, 25, 4),
(2860, 2, 2, 2),
(2861, 3, 4, 2),
(2862, 3, 2, 2),
(2863, 2, 9, 3),
(2864, 1, 5, 4),
(2865, 1, 5, 4),
(2866, 11, 25, 2),
(2867, 3, 12, 1),
(2868, 2, 9, 4),
(2869, 2, 2, 2),
(2870, 3, 4, 2),
(2871, 2, 12, 1),
(2872, 2, 9, 3),
(2873, 1, 5, 4),
(2874, 9, 9, 1),
(2875, 2, 2, 2),
(2876, 2, 2, 2),
(2877, 2, 9, 3),
(2878, 3, 4, 2),
(2879, 2, 9, 3),
(2880, 2, 9, 3),
(2881, 1, 5, 4),
(2882, 10, 5, 3),
(2883, 3, 12, 1),
(2884, 2, 2, 2),
(2885, 2, 9, 3),
(2886, 3, 4, 2),
(2887, 2, 9, 3),
(2888, 2, 2, 2),
(2889, 1, 5, 4),
(2890, 8, 2, 2),
(2891, 2, 9, 3),
(2892, 2, 2, 2),
(2893, 3, 4, 2),
(2894, 3, 4, 2),
(2895, 2, 9, 3),
(2896, 1, 5, 3),
(2897, 1, 5, 4),
(2898, 10, 5, 3),
(2899, 2, 25, 4),
(2900, 2, 2, 2),
(2901, 3, 4, 2),
(2902, 3, 2, 2),
(2903, 2, 9, 3),
(2904, 1, 5, 4),
(2905, 1, 5, 4),
(2906, 11, 25, 2),
(2907, 3, 12, 1),
(2908, 2, 9, 4),
(2909, 2, 2, 2),
(2910, 3, 4, 2),
(2911, 2, 12, 1),
(2912, 2, 9, 3),
(2913, 1, 5, 4),
(2914, 9, 9, 1),
(2915, 2, 2, 2),
(2916, 2, 2, 2),
(2917, 2, 9, 3),
(2918, 3, 4, 2),
(2919, 2, 9, 3),
(2920, 2, 9, 3),
(2921, 1, 5, 4),
(2922, 10, 5, 3),
(2923, 3, 12, 1),
(2924, 2, 2, 2),
(2925, 2, 9, 3),
(2926, 3, 4, 2),
(2927, 2, 9, 3),
(2928, 2, 2, 2),
(2929, 1, 5, 4),
(2930, 8, 2, 2),
(2931, 2, 9, 3),
(2932, 2, 2, 2),
(2933, 3, 4, 2),
(2934, 3, 4, 2),
(2935, 2, 9, 3),
(2936, 1, 5, 3),
(2937, 1, 5, 4),
(2938, 10, 5, 3),
(2939, 2, 25, 4),
(2940, 2, 2, 2),
(2941, 3, 4, 2),
(2942, 3, 2, 2),
(2943, 2, 9, 3),
(2944, 1, 5, 4),
(2945, 1, 5, 4),
(3027, 3, 5, 3),
(3028, 2, 5, 3),
(3029, 1, 5, 3),
(3030, 1, 1, 4),
(3031, 1, 1, 4),
(3032, 1, 1, 3),
(3033, 2, 1, 4),
(3034, 1, 1, 3),
(3035, 2, 2, 3),
(3036, 11, 5, 3),
(3037, 2, 1, 4),
(3038, 2, 1, 4),
(3039, 2, 1, 4),
(3040, 1, 1, 4),
(3041, 1, 1, 4),
(3042, 1, 1, 3),
(3043, 1, 2, 3),
(3044, 10, 5, 3),
(3045, 1, 1, 4),
(3046, 1, 1, 4),
(3047, 1, 5, 4),
(3048, 2, 1, 4),
(3049, 2, 1, 4),
(3050, 1, 1, 3),
(3051, 9, 1, 3),
(3052, 2, 5, 3),
(3053, 1, 1, 4),
(3054, 1, 1, 3),
(3055, 8, 25, 2),
(3056, 1, 1, 4),
(3057, 1, 1, 3),
(3058, 2, 1, 4),
(3059, 2, 25, 1),
(3060, 1, 5, 3),
(3061, 1, 1, 4),
(3062, 2, 1, 4),
(3063, 1, 1, 4),
(3064, 2, 1, 4),
(3065, 1, 1, 3),
(3066, 1, 1, 3),
(3067, 3, 5, 3),
(3068, 2, 5, 3),
(3069, 1, 5, 3),
(3070, 1, 1, 4),
(3071, 1, 1, 4),
(3072, 1, 1, 3),
(3073, 2, 1, 4),
(3074, 1, 1, 3),
(3075, 2, 2, 3),
(3076, 11, 5, 3),
(3077, 2, 1, 4),
(3078, 2, 1, 4),
(3079, 2, 1, 4),
(3080, 1, 1, 4),
(3081, 1, 1, 4),
(3082, 1, 1, 3),
(3083, 1, 2, 3),
(3084, 10, 5, 3),
(3085, 1, 1, 4),
(3086, 1, 1, 4),
(3087, 1, 5, 4),
(3088, 2, 1, 4),
(3089, 2, 1, 4),
(3090, 1, 1, 3),
(3091, 9, 1, 3),
(3092, 2, 5, 3),
(3093, 1, 1, 4),
(3094, 1, 1, 3),
(3095, 8, 25, 2),
(3096, 1, 1, 4),
(3097, 1, 1, 3),
(3098, 2, 1, 4),
(3099, 2, 25, 1),
(3100, 1, 5, 3),
(3101, 1, 1, 4),
(3102, 2, 1, 4),
(3103, 1, 1, 4),
(3104, 2, 1, 4),
(3105, 1, 1, 3),
(3106, 1, 1, 3),
(3107, 3, 5, 3),
(3108, 2, 5, 3),
(3109, 1, 5, 3),
(3110, 1, 1, 4),
(3111, 1, 1, 4),
(3112, 1, 1, 3),
(3113, 2, 1, 4),
(3114, 1, 1, 3),
(3115, 2, 2, 3),
(3116, 11, 5, 3),
(3117, 2, 1, 4),
(3118, 2, 1, 4),
(3119, 2, 1, 4),
(3120, 1, 1, 4),
(3121, 1, 1, 4),
(3122, 1, 1, 3),
(3123, 1, 2, 3),
(3124, 10, 5, 3),
(3125, 1, 1, 4),
(3126, 1, 1, 4),
(3127, 1, 5, 4),
(3128, 2, 1, 4),
(3129, 2, 1, 4),
(3130, 1, 1, 3),
(3131, 9, 1, 3),
(3132, 2, 5, 3),
(3133, 1, 1, 4),
(3134, 1, 1, 3),
(3135, 8, 25, 2),
(3136, 1, 1, 4),
(3137, 1, 1, 3),
(3138, 2, 1, 4),
(3139, 2, 25, 1),
(3140, 1, 5, 3),
(3141, 1, 1, 4),
(3142, 2, 1, 4),
(3143, 1, 1, 4),
(3144, 2, 1, 4),
(3145, 1, 1, 3),
(3146, 1, 1, 3),
(3147, 3, 5, 3),
(3148, 2, 5, 3),
(3149, 1, 5, 3),
(3150, 1, 1, 4),
(3151, 1, 1, 4),
(3152, 1, 1, 3),
(3153, 2, 1, 4),
(3154, 1, 1, 3),
(3155, 2, 2, 3),
(3156, 11, 5, 3),
(3157, 2, 1, 4),
(3158, 2, 1, 4),
(3159, 2, 1, 4),
(3160, 1, 1, 4),
(3161, 1, 1, 4),
(3162, 1, 1, 3),
(3163, 1, 2, 3),
(3164, 10, 5, 3),
(3165, 1, 1, 4),
(3166, 1, 1, 4),
(3167, 1, 5, 4),
(3168, 2, 1, 4),
(3169, 2, 1, 4),
(3170, 1, 1, 3),
(3171, 9, 1, 3),
(3172, 2, 5, 3),
(3173, 1, 1, 4),
(3174, 1, 1, 3),
(3175, 8, 25, 2),
(3176, 1, 1, 4),
(3177, 1, 1, 3),
(3178, 2, 1, 4),
(3179, 2, 25, 1),
(3180, 1, 5, 3),
(3181, 1, 1, 4),
(3182, 2, 1, 4),
(3183, 1, 1, 4),
(3184, 2, 1, 4),
(3185, 1, 1, 3),
(3186, 1, 1, 3),
(3187, 3, 5, 3),
(3188, 2, 5, 3),
(3189, 1, 5, 3),
(3190, 1, 1, 4),
(3191, 1, 1, 4),
(3192, 1, 1, 3),
(3193, 2, 1, 4),
(3194, 1, 1, 3),
(3195, 2, 2, 3),
(3196, 11, 5, 3),
(3197, 2, 1, 4),
(3198, 2, 1, 4),
(3199, 2, 1, 4),
(3200, 1, 1, 4),
(3201, 1, 1, 4),
(3202, 1, 1, 3),
(3203, 1, 2, 3),
(3204, 10, 5, 3),
(3205, 1, 1, 4),
(3206, 1, 1, 4),
(3207, 1, 5, 4),
(3208, 2, 1, 4),
(3209, 2, 1, 4),
(3210, 1, 1, 3),
(3211, 9, 1, 3),
(3212, 2, 5, 3),
(3213, 1, 1, 4),
(3214, 1, 1, 3),
(3215, 8, 25, 2),
(3216, 1, 1, 4),
(3217, 1, 1, 3),
(3218, 2, 1, 4),
(3219, 2, 25, 1),
(3220, 1, 5, 3),
(3221, 1, 1, 4),
(3222, 2, 1, 4),
(3223, 1, 1, 4),
(3224, 2, 1, 4),
(3225, 1, 1, 3),
(3226, 1, 1, 3),
(3227, 3, 5, 3),
(3228, 2, 5, 3),
(3229, 1, 5, 3),
(3230, 1, 1, 4),
(3231, 1, 1, 4),
(3232, 1, 1, 3),
(3233, 2, 1, 4),
(3234, 1, 1, 3),
(3235, 2, 2, 3),
(3236, 11, 5, 3),
(3237, 2, 1, 4),
(3238, 2, 1, 4),
(3239, 2, 1, 4),
(3240, 1, 1, 4),
(3241, 1, 1, 4),
(3242, 1, 1, 3),
(3243, 1, 2, 3),
(3244, 10, 5, 3),
(3245, 1, 1, 4),
(3246, 1, 1, 4),
(3247, 1, 5, 4),
(3248, 2, 1, 4),
(3249, 2, 1, 4),
(3250, 1, 1, 3),
(3251, 9, 1, 3),
(3252, 2, 5, 3),
(3253, 1, 1, 4),
(3254, 1, 1, 3),
(3255, 8, 25, 2),
(3256, 1, 1, 4),
(3257, 1, 1, 3),
(3258, 2, 1, 4),
(3259, 2, 25, 1),
(3260, 1, 5, 3),
(3261, 1, 1, 4),
(3262, 2, 1, 4),
(3263, 1, 1, 4),
(3264, 2, 1, 4),
(3265, 1, 1, 3),
(3266, 1, 1, 3),
(3267, 3, 5, 3),
(3268, 2, 5, 3),
(3269, 1, 5, 3),
(3270, 1, 1, 4),
(3271, 1, 1, 4),
(3272, 1, 1, 3),
(3273, 2, 1, 4),
(3274, 1, 1, 3),
(3275, 2, 2, 3),
(3276, 11, 5, 3),
(3277, 2, 1, 4),
(3278, 2, 1, 4),
(3279, 2, 1, 4),
(3280, 1, 1, 4),
(3281, 1, 1, 4),
(3282, 1, 1, 3),
(3283, 1, 2, 3),
(3284, 10, 5, 3),
(3285, 1, 1, 4),
(3286, 1, 1, 4),
(3287, 1, 5, 4),
(3288, 2, 1, 4),
(3289, 2, 1, 4),
(3290, 1, 1, 3),
(3291, 9, 1, 3),
(3292, 2, 5, 3),
(3293, 1, 1, 4),
(3294, 1, 1, 3),
(3295, 8, 25, 2),
(3296, 1, 1, 4),
(3297, 1, 1, 3),
(3298, 2, 1, 4),
(3299, 2, 25, 1),
(3300, 1, 5, 3),
(3301, 1, 1, 4),
(3302, 2, 1, 4),
(3303, 1, 1, 4),
(3304, 2, 1, 4),
(3305, 1, 1, 3),
(3306, 1, 1, 3),
(3307, 3, 5, 3),
(3308, 2, 5, 3),
(3309, 1, 5, 3),
(3310, 1, 1, 4),
(3311, 1, 1, 4),
(3312, 1, 1, 3),
(3313, 2, 1, 4),
(3314, 1, 1, 3),
(3315, 2, 2, 3),
(3316, 11, 5, 3),
(3317, 2, 1, 4),
(3318, 2, 1, 4),
(3319, 2, 1, 4),
(3320, 1, 1, 4),
(3321, 1, 1, 4),
(3322, 1, 1, 3),
(3323, 1, 2, 3),
(3324, 10, 5, 3),
(3325, 1, 1, 4),
(3326, 1, 1, 4),
(3327, 1, 5, 4),
(3328, 2, 1, 4),
(3329, 2, 1, 4),
(3330, 1, 1, 3),
(3331, 9, 1, 3),
(3332, 2, 5, 3),
(3333, 1, 1, 4),
(3334, 1, 1, 3),
(3335, 8, 25, 2),
(3336, 1, 1, 4),
(3337, 1, 1, 3),
(3338, 2, 1, 4),
(3339, 2, 25, 1),
(3340, 1, 5, 3),
(3341, 1, 1, 4),
(3342, 2, 1, 4),
(3343, 1, 1, 4),
(3344, 2, 1, 4),
(3345, 1, 1, 3),
(3346, 1, 1, 3);

-- --------------------------------------------------------

--
-- Struktura tabeli dla tabeli `lekcje_planu`
--

CREATE TABLE `lekcje_planu` (
  `id` int(10) UNSIGNED NOT NULL,
  `id_planu_lekcji` int(10) UNSIGNED NOT NULL,
  `id_przyporzadkowanej_lekcji` int(10) UNSIGNED NOT NULL
) ENGINE=InnoDB DEFAULT CHARSET=utf8mb4 COLLATE=utf8mb4_general_ci;

--
-- Dumping data for table `lekcje_planu`
--

INSERT INTO `lekcje_planu` (`id`, `id_planu_lekcji`, `id_przyporzadkowanej_lekcji`) VALUES
(1202, 81, 2435),
(1203, 81, 2445),
(1204, 81, 2444),
(1205, 81, 2443),
(1206, 81, 2442),
(1207, 81, 2441),
(1208, 81, 2440),
(1209, 81, 2439),
(1210, 81, 2438),
(1211, 81, 2437),
(1212, 81, 2436),
(1213, 82, 2415),
(1214, 82, 2455),
(1215, 82, 2454),
(1216, 82, 2453),
(1217, 82, 2452),
(1218, 82, 2451),
(1219, 82, 2450),
(1220, 82, 2449),
(1221, 82, 2448),
(1222, 82, 2447),
(1223, 82, 2446),
(1224, 82, 2445),
(1225, 82, 2444),
(1226, 82, 2443),
(1227, 82, 2442),
(1228, 82, 2441),
(1229, 82, 2440),
(1230, 82, 2439),
(1231, 82, 2438),
(1232, 82, 2437),
(1233, 82, 2436),
(1234, 82, 2435),
(1235, 82, 2434),
(1236, 82, 2433),
(1237, 82, 2432),
(1238, 82, 2431),
(1239, 82, 2430),
(1240, 82, 2429),
(1241, 82, 2428),
(1242, 82, 2427),
(1243, 82, 2426),
(1244, 82, 2425),
(1245, 82, 2424),
(1246, 82, 2423),
(1247, 82, 2422),
(1248, 82, 2421),
(1249, 82, 2420),
(1250, 82, 2419),
(1251, 82, 2418),
(1252, 82, 2417),
(1253, 82, 2416),
(1254, 83, 2455),
(1255, 83, 2495),
(1256, 83, 2494),
(1257, 83, 2493),
(1258, 83, 2492),
(1259, 83, 2491),
(1260, 83, 2490),
(1261, 83, 2489),
(1262, 83, 2488),
(1263, 83, 2487),
(1264, 83, 2486),
(1265, 83, 2485),
(1266, 83, 2484),
(1267, 83, 2483),
(1268, 83, 2482),
(1269, 83, 2481),
(1270, 83, 2480),
(1271, 83, 2479),
(1272, 83, 2478),
(1273, 83, 2477),
(1274, 83, 2476),
(1275, 83, 2475),
(1276, 83, 2474),
(1277, 83, 2473),
(1278, 83, 2472),
(1279, 83, 2471),
(1280, 83, 2470),
(1281, 83, 2469),
(1282, 83, 2468),
(1283, 83, 2467),
(1284, 83, 2466),
(1285, 83, 2465),
(1286, 83, 2464),
(1287, 83, 2463),
(1288, 83, 2462),
(1289, 83, 2461),
(1290, 83, 2460),
(1291, 83, 2459),
(1292, 83, 2458),
(1293, 83, 2457),
(1294, 83, 2456),
(1295, 84, 2495),
(1296, 84, 2535),
(1297, 84, 2534),
(1298, 84, 2533),
(1299, 84, 2532),
(1300, 84, 2531),
(1301, 84, 2530),
(1302, 84, 2529),
(1303, 84, 2528),
(1304, 84, 2527),
(1305, 84, 2526),
(1306, 84, 2525),
(1307, 84, 2524),
(1308, 84, 2523),
(1309, 84, 2522),
(1310, 84, 2521),
(1311, 84, 2520),
(1312, 84, 2519),
(1313, 84, 2518),
(1314, 84, 2517),
(1315, 84, 2516),
(1316, 84, 2515),
(1317, 84, 2514),
(1318, 84, 2513),
(1319, 84, 2512),
(1320, 84, 2511),
(1321, 84, 2510),
(1322, 84, 2509),
(1323, 84, 2508),
(1324, 84, 2507),
(1325, 84, 2506),
(1326, 84, 2505),
(1327, 84, 2504),
(1328, 84, 2503),
(1329, 84, 2502),
(1330, 84, 2501),
(1331, 84, 2500),
(1332, 84, 2499),
(1333, 84, 2498),
(1334, 84, 2497),
(1335, 84, 2496),
(1336, 85, 2535),
(1337, 85, 2575),
(1338, 85, 2574),
(1339, 85, 2573),
(1340, 85, 2572),
(1341, 85, 2571),
(1342, 85, 2570),
(1343, 85, 2569),
(1344, 85, 2568),
(1345, 85, 2567),
(1346, 85, 2566),
(1347, 85, 2565),
(1348, 85, 2564),
(1349, 85, 2563),
(1350, 85, 2562),
(1351, 85, 2561),
(1352, 85, 2560),
(1353, 85, 2559),
(1354, 85, 2558),
(1355, 85, 2557),
(1356, 85, 2556),
(1357, 85, 2555),
(1358, 85, 2554),
(1359, 85, 2553),
(1360, 85, 2552),
(1361, 85, 2551),
(1362, 85, 2550),
(1363, 85, 2549),
(1364, 85, 2548),
(1365, 85, 2547),
(1366, 85, 2546),
(1367, 85, 2545),
(1368, 85, 2544),
(1369, 85, 2543),
(1370, 85, 2542),
(1371, 85, 2541),
(1372, 85, 2540),
(1373, 85, 2539),
(1374, 85, 2538),
(1375, 85, 2537),
(1376, 85, 2536),
(1377, 86, 2575),
(1378, 86, 2615),
(1379, 86, 2614),
(1380, 86, 2613),
(1381, 86, 2612),
(1382, 86, 2611),
(1383, 86, 2610),
(1384, 86, 2609),
(1385, 86, 2608),
(1386, 86, 2607),
(1387, 86, 2606),
(1388, 86, 2605),
(1389, 86, 2604),
(1390, 86, 2603),
(1391, 86, 2602),
(1392, 86, 2601),
(1393, 86, 2600),
(1394, 86, 2599),
(1395, 86, 2598),
(1396, 86, 2597),
(1397, 86, 2596),
(1398, 86, 2595),
(1399, 86, 2594),
(1400, 86, 2593),
(1401, 86, 2592),
(1402, 86, 2591),
(1403, 86, 2590),
(1404, 86, 2589),
(1405, 86, 2588),
(1406, 86, 2587),
(1407, 86, 2586),
(1408, 86, 2585),
(1409, 86, 2584),
(1410, 86, 2583),
(1411, 86, 2582),
(1412, 86, 2581),
(1413, 86, 2580),
(1414, 86, 2579),
(1415, 86, 2578),
(1416, 86, 2577),
(1417, 86, 2576),
(1418, 87, 2615),
(1419, 87, 2655),
(1420, 87, 2654),
(1421, 87, 2653),
(1422, 87, 2652),
(1423, 87, 2651),
(1424, 87, 2650),
(1425, 87, 2649),
(1426, 87, 2648),
(1427, 87, 2647),
(1428, 87, 2646),
(1429, 87, 2645),
(1430, 87, 2644),
(1431, 87, 2643),
(1432, 87, 2642),
(1433, 87, 2641),
(1434, 87, 2640),
(1435, 87, 2639),
(1436, 87, 2638),
(1437, 87, 2637),
(1438, 87, 2636),
(1439, 87, 2635),
(1440, 87, 2634),
(1441, 87, 2633),
(1442, 87, 2632),
(1443, 87, 2631),
(1444, 87, 2630),
(1445, 87, 2629),
(1446, 87, 2628),
(1447, 87, 2627),
(1448, 87, 2626),
(1449, 87, 2625),
(1450, 87, 2624),
(1451, 87, 2623),
(1452, 87, 2622),
(1453, 87, 2621),
(1454, 87, 2620),
(1455, 87, 2619),
(1456, 87, 2618),
(1457, 87, 2617),
(1458, 87, 2616),
(1459, 88, 2655),
(1460, 88, 2695),
(1461, 88, 2694),
(1462, 88, 2693),
(1463, 88, 2692),
(1464, 88, 2691),
(1465, 88, 2690),
(1466, 88, 2689),
(1467, 88, 2688),
(1468, 88, 2687),
(1469, 88, 2686),
(1470, 88, 2685),
(1471, 88, 2684),
(1472, 88, 2683),
(1473, 88, 2682),
(1474, 88, 2681),
(1475, 88, 2680),
(1476, 88, 2679),
(1477, 88, 2678),
(1478, 88, 2677),
(1479, 88, 2676),
(1480, 88, 2675),
(1481, 88, 2674),
(1482, 88, 2673),
(1483, 88, 2672),
(1484, 88, 2671),
(1485, 88, 2670),
(1486, 88, 2669),
(1487, 88, 2668),
(1488, 88, 2667),
(1489, 88, 2666),
(1490, 88, 2665),
(1491, 88, 2664),
(1492, 88, 2663),
(1493, 88, 2662),
(1494, 88, 2661),
(1495, 88, 2660),
(1496, 88, 2659),
(1497, 88, 2658),
(1498, 88, 2657),
(1499, 88, 2656),
(1500, 89, 2695),
(1501, 89, 2735),
(1502, 89, 2734),
(1503, 89, 2733),
(1504, 89, 2732),
(1505, 89, 2731),
(1506, 89, 2730),
(1507, 89, 2729),
(1508, 89, 2728),
(1509, 89, 2727),
(1510, 89, 2726),
(1511, 89, 2725),
(1512, 89, 2724),
(1513, 89, 2723),
(1514, 89, 2722),
(1515, 89, 2721),
(1516, 89, 2720),
(1517, 89, 2719),
(1518, 89, 2718),
(1519, 89, 2717),
(1520, 89, 2716),
(1521, 89, 2715),
(1522, 89, 2714),
(1523, 89, 2713),
(1524, 89, 2712),
(1525, 89, 2711),
(1526, 89, 2710),
(1527, 89, 2709),
(1528, 89, 2708),
(1529, 89, 2707),
(1530, 89, 2706),
(1531, 89, 2705),
(1532, 89, 2704),
(1533, 89, 2703),
(1534, 89, 2702),
(1535, 89, 2701),
(1536, 89, 2700),
(1537, 89, 2699),
(1538, 89, 2698),
(1539, 89, 2697),
(1540, 89, 2696),
(1582, 91, 2815),
(1583, 91, 2855),
(1584, 91, 2854),
(1585, 91, 2853),
(1586, 91, 2852),
(1587, 91, 2851),
(1588, 91, 2850),
(1589, 91, 2849),
(1590, 91, 2848),
(1591, 91, 2847),
(1592, 91, 2846),
(1593, 91, 2845),
(1594, 91, 2844),
(1595, 91, 2843),
(1596, 91, 2842),
(1597, 91, 2841),
(1598, 91, 2840),
(1599, 91, 2839),
(1600, 91, 2838),
(1601, 91, 2837),
(1602, 91, 2836),
(1603, 91, 2835),
(1604, 91, 2834),
(1605, 91, 2833),
(1606, 91, 2832),
(1607, 91, 2831),
(1608, 91, 2830),
(1609, 91, 2829),
(1610, 91, 2828),
(1611, 91, 2827),
(1612, 91, 2826),
(1613, 91, 2825),
(1614, 91, 2824),
(1615, 91, 2823),
(1616, 91, 2822),
(1617, 91, 2821),
(1618, 91, 2820),
(1619, 91, 2819),
(1620, 91, 2818),
(1621, 91, 2817),
(1622, 91, 2816),
(1623, 92, 2855),
(1624, 92, 2895),
(1625, 92, 2894),
(1626, 92, 2893),
(1627, 92, 2892),
(1628, 92, 2891),
(1629, 92, 2890),
(1630, 92, 2889),
(1631, 92, 2888),
(1632, 92, 2887),
(1633, 92, 2886),
(1634, 92, 2885),
(1635, 92, 2884),
(1636, 92, 2883),
(1637, 92, 2882),
(1638, 92, 2881),
(1639, 92, 2880),
(1640, 92, 2879),
(1641, 92, 2878),
(1642, 92, 2877),
(1643, 92, 2876),
(1644, 92, 2875),
(1645, 92, 2874),
(1646, 92, 2873),
(1647, 92, 2872),
(1648, 92, 2871),
(1649, 92, 2870),
(1650, 92, 2869),
(1651, 92, 2868),
(1652, 92, 2867),
(1653, 92, 2866),
(1654, 92, 2865),
(1655, 92, 2864),
(1656, 92, 2863),
(1657, 92, 2862),
(1658, 92, 2861),
(1659, 92, 2860),
(1660, 92, 2859),
(1661, 92, 2858),
(1662, 92, 2857),
(1663, 92, 2856),
(1664, 93, 2895),
(1665, 93, 2935),
(1666, 93, 2934),
(1667, 93, 2933),
(1668, 93, 2932),
(1669, 93, 2931),
(1670, 93, 2930),
(1671, 93, 2929),
(1672, 93, 2928),
(1673, 93, 2927),
(1674, 93, 2926),
(1675, 93, 2925),
(1676, 93, 2924),
(1677, 93, 2923),
(1678, 93, 2922),
(1679, 93, 2921),
(1680, 93, 2920),
(1681, 93, 2919),
(1682, 93, 2918),
(1683, 93, 2917),
(1684, 93, 2916),
(1685, 93, 2915),
(1686, 93, 2914),
(1687, 93, 2913),
(1688, 93, 2912),
(1689, 93, 2911),
(1690, 93, 2910),
(1691, 93, 2909),
(1692, 93, 2908),
(1693, 93, 2907),
(1694, 93, 2906),
(1695, 93, 2905),
(1696, 93, 2904),
(1697, 93, 2903),
(1698, 93, 2902),
(1699, 93, 2901),
(1700, 93, 2900),
(1701, 93, 2899),
(1702, 93, 2898),
(1703, 93, 2897),
(1704, 93, 2896),
(1705, 94, 2935),
(1706, 94, 2975),
(1707, 94, 2974),
(1708, 94, 2973),
(1709, 94, 2972),
(1710, 94, 2971),
(1711, 94, 2970),
(1712, 94, 2969),
(1713, 94, 2968),
(1714, 94, 2967),
(1715, 94, 2966),
(1716, 94, 2965),
(1717, 94, 2964),
(1718, 94, 2963),
(1719, 94, 2962),
(1720, 94, 2961),
(1721, 94, 2960),
(1722, 94, 2959),
(1723, 94, 2958),
(1724, 94, 2957),
(1725, 94, 2956),
(1726, 94, 2955),
(1727, 94, 2954),
(1728, 94, 2953),
(1729, 94, 2952),
(1730, 94, 2951),
(1731, 94, 2950),
(1732, 94, 2949),
(1733, 94, 2948),
(1734, 94, 2947),
(1735, 94, 2946),
(1736, 94, 2945),
(1737, 94, 2944),
(1738, 94, 2943),
(1739, 94, 2942),
(1740, 94, 2941),
(1741, 94, 2940),
(1742, 94, 2939),
(1743, 94, 2938),
(1744, 94, 2937),
(1745, 94, 2936),
(1746, 95, 2975),
(1747, 95, 3015),
(1748, 95, 3014),
(1749, 95, 3013),
(1750, 95, 3012),
(1751, 95, 3011),
(1752, 95, 3010),
(1753, 95, 3009),
(1754, 95, 3008),
(1755, 95, 3007),
(1756, 95, 3006),
(1757, 95, 3005),
(1758, 95, 3004),
(1759, 95, 3003),
(1760, 95, 3002),
(1761, 95, 3001),
(1762, 95, 3000),
(1763, 95, 2999),
(1764, 95, 2998),
(1765, 95, 2997),
(1766, 95, 2996),
(1767, 95, 2995),
(1768, 95, 2994),
(1769, 95, 2993),
(1770, 95, 2992),
(1771, 95, 2991),
(1772, 95, 2990),
(1773, 95, 2989),
(1774, 95, 2988),
(1775, 95, 2987),
(1776, 95, 2986),
(1777, 95, 2985),
(1778, 95, 2984),
(1779, 95, 2983),
(1780, 95, 2982),
(1781, 95, 2981),
(1782, 95, 2980),
(1783, 95, 2979),
(1784, 95, 2978),
(1785, 95, 2977),
(1786, 95, 2976),
(1787, 96, 3015),
(1788, 96, 3055),
(1789, 96, 3054),
(1790, 96, 3053),
(1791, 96, 3052),
(1792, 96, 3051),
(1793, 96, 3050),
(1794, 96, 3049),
(1795, 96, 3048),
(1796, 96, 3047),
(1797, 96, 3046),
(1798, 96, 3045),
(1799, 96, 3044),
(1800, 96, 3043),
(1801, 96, 3042),
(1802, 96, 3041),
(1803, 96, 3040),
(1804, 96, 3039),
(1805, 96, 3038),
(1806, 96, 3037),
(1807, 96, 3036),
(1808, 96, 3035),
(1809, 96, 3034),
(1810, 96, 3033),
(1811, 96, 3032),
(1812, 96, 3031),
(1813, 96, 3030),
(1814, 96, 3029),
(1815, 96, 3028),
(1816, 96, 3027),
(1817, 96, 3026),
(1818, 96, 3025),
(1819, 96, 3024),
(1820, 96, 3023),
(1821, 96, 3022),
(1822, 96, 3021),
(1823, 96, 3020),
(1824, 96, 3019),
(1825, 96, 3018),
(1826, 96, 3017),
(1827, 96, 3016);

-- --------------------------------------------------------

--
-- Struktura tabeli dla tabeli `nauczany_przedmiot`
--

CREATE TABLE `nauczany_przedmiot` (
  `id` int(10) UNSIGNED NOT NULL,
  `id_przedmiotu` int(10) UNSIGNED NOT NULL,
  `id_nauczyciela` int(10) UNSIGNED NOT NULL
) ENGINE=InnoDB DEFAULT CHARSET=utf8mb4 COLLATE=utf8mb4_general_ci;

--
-- Dumping data for table `nauczany_przedmiot`
--

INSERT INTO `nauczany_przedmiot` (`id`, `id_przedmiotu`, `id_nauczyciela`) VALUES
(1, 4, 1),
(2, 3, 1),
(10, 3, 5),
(13, 4, 5),
(34, 1, 17),
(35, 2, 17),
(48, 2, 25),
(49, 1, 25),
(601, 3, 2),
(602, 2, 2),
(603, 1, 2);

-- --------------------------------------------------------

--
-- Struktura tabeli dla tabeli `nauczyciel`
--

CREATE TABLE `nauczyciel` (
  `id` int(10) UNSIGNED NOT NULL,
  `imie` varchar(50) NOT NULL,
  `nazwisko` varchar(50) NOT NULL
) ENGINE=InnoDB DEFAULT CHARSET=utf8mb4 COLLATE=utf8mb4_general_ci;

--
-- Dumping data for table `nauczyciel`
--

INSERT INTO `nauczyciel` (`id`, `imie`, `nazwisko`) VALUES
(1, 'Anna', 'Ostawa'),
(2, 'Kamilana', 'Pawlak'),
(4, 'Wiesława', 'Rubik'),
(5, 'Maciej', 'Dyszak'),
(9, 'Testowa', 'Pani'),
(12, 'Julia', 'Żugaj'),
(17, 'Joanna', 'Suska'),
(25, 'Amona', 'Gussa'),
(31, 'Paulina', 'Gorka'),
(33, 'Paulina', 'Gorka'),
(34, 'Paulina', 'Gorka'),
(35, 'Paulina', 'Gorka');

-- --------------------------------------------------------

--
-- Struktura tabeli dla tabeli `nauczyciele_szkoly`
--

CREATE TABLE `nauczyciele_szkoly` (
  `id` int(10) UNSIGNED NOT NULL,
  `id_nauczyciela` int(10) UNSIGNED NOT NULL,
  `id_szkoly` int(10) UNSIGNED NOT NULL
) ENGINE=InnoDB DEFAULT CHARSET=utf8mb4 COLLATE=utf8mb4_general_ci;

--
-- Dumping data for table `nauczyciele_szkoly`
--

INSERT INTO `nauczyciele_szkoly` (`id`, `id_nauczyciela`, `id_szkoly`) VALUES
(3, 1, 12),
(5, 17, 13),
(13, 25, 15),
(19, 4, 14),
(20, 5, 12),
(21, 9, 14),
(22, 12, 12),
(23, 35, 12);

-- --------------------------------------------------------

--
-- Struktura tabeli dla tabeli `plan_lekcji`
--

CREATE TABLE `plan_lekcji` (
  `id` int(10) UNSIGNED NOT NULL
) ENGINE=InnoDB DEFAULT CHARSET=utf8mb4 COLLATE=utf8mb4_general_ci;

--
-- Dumping data for table `plan_lekcji`
--

INSERT INTO `plan_lekcji` (`id`) VALUES
(81),
(82),
(83),
(84),
(85),
(86),
(87),
(88),
(89),
(90),
(91),
(92),
(93),
(94),
(95),
(96);

-- --------------------------------------------------------

--
-- Struktura tabeli dla tabeli `przedmiot`
--

CREATE TABLE `przedmiot` (
  `id` int(11) UNSIGNED NOT NULL,
  `nazwa` varchar(60) NOT NULL
) ENGINE=InnoDB DEFAULT CHARSET=utf8mb4 COLLATE=utf8mb4_general_ci;

--
-- Dumping data for table `przedmiot`
--

INSERT INTO `przedmiot` (`id`, `nazwa`) VALUES
(1, 'matematyka'),
(2, 'język polski'),
(3, 'język angielski'),
(4, 'fizyka'),
(5, 'Wychowanie-fizyczne');

-- --------------------------------------------------------

--
-- Struktura tabeli dla tabeli `przyporzadkowanie_lekcji`
--

CREATE TABLE `przyporzadkowanie_lekcji` (
  `id` int(10) UNSIGNED NOT NULL,
  `nr_lekcji` tinyint(3) UNSIGNED NOT NULL,
  `id_dnia_tyg` int(10) UNSIGNED NOT NULL,
  `id_lekcji` int(10) UNSIGNED NOT NULL
) ENGINE=InnoDB DEFAULT CHARSET=utf8mb4 COLLATE=utf8mb4_general_ci;

--
-- Dumping data for table `przyporzadkowanie_lekcji`
--

INSERT INTO `przyporzadkowanie_lekcji` (`id`, `nr_lekcji`, `id_dnia_tyg`, `id_lekcji`) VALUES
(546, 8, 2, 552),
(547, 8, 3, 552),
(548, 8, 4, 552),
(549, 8, 5, 552),
(550, 8, 6, 552),
(551, 8, 2, 552),
(552, 8, 3, 552),
(553, 8, 4, 552),
(554, 8, 5, 552),
(555, 8, 6, 552),
(556, 8, 2, 552),
(557, 8, 3, 552),
(558, 8, 4, 552),
(559, 8, 5, 552),
(560, 8, 6, 552),
(561, 8, 2, 552),
(562, 8, 3, 552),
(563, 8, 4, 552),
(564, 8, 5, 552),
(565, 8, 6, 552),
(566, 8, 2, 552),
(567, 8, 3, 552),
(568, 8, 4, 552),
(569, 8, 5, 552),
(570, 8, 6, 552),
(571, 8, 2, 552),
(572, 8, 3, 552),
(573, 8, 4, 552),
(574, 8, 5, 552),
(575, 8, 6, 552),
(576, 8, 2, 552),
(577, 8, 3, 552),
(578, 8, 4, 552),
(579, 8, 5, 552),
(580, 8, 6, 552),
(581, 8, 2, 552),
(582, 8, 3, 552),
(583, 8, 4, 552),
(584, 8, 5, 552),
(585, 8, 6, 552),
(586, 8, 2, 552),
(587, 8, 3, 552),
(588, 8, 4, 552),
(589, 8, 5, 552),
(590, 8, 6, 552),
(591, 8, 2, 597),
(592, 8, 2, 597),
(593, 8, 3, 547),
(594, 8, 4, 547),
(595, 8, 5, 547),
(596, 8, 6, 547),
(597, 8, 2, 547),
(598, 8, 3, 547),
(599, 8, 4, 547),
(600, 8, 5, 547),
(601, 8, 6, 547),
(602, 8, 2, 547),
(603, 8, 3, 547),
(604, 8, 4, 547),
(605, 8, 5, 547),
(606, 8, 6, 547),
(607, 8, 2, 547),
(608, 8, 3, 547),
(609, 8, 4, 547),
(610, 8, 5, 547),
(611, 8, 6, 547),
(612, 8, 2, 547),
(613, 8, 3, 547),
(614, 8, 4, 547),
(615, 8, 5, 547),
(616, 8, 6, 547),
(617, 8, 2, 547),
(618, 8, 3, 547),
(619, 8, 4, 547),
(620, 8, 5, 547),
(621, 8, 6, 547),
(622, 8, 2, 547),
(623, 8, 3, 547),
(624, 8, 4, 547),
(625, 8, 5, 547),
(626, 8, 6, 547),
(627, 8, 2, 547),
(628, 8, 3, 547),
(629, 8, 4, 547),
(630, 8, 5, 547),
(631, 8, 6, 547),
(632, 8, 2, 547),
(633, 8, 3, 547),
(634, 8, 4, 547),
(635, 8, 5, 547),
(636, 8, 6, 547),
(637, 8, 2, 642),
(638, 8, 2, 642),
(639, 8, 3, 593),
(640, 8, 4, 593),
(641, 8, 5, 593),
(642, 8, 6, 593),
(643, 8, 2, 593),
(644, 8, 3, 593),
(645, 8, 4, 593),
(646, 8, 5, 593),
(647, 8, 6, 593),
(648, 8, 2, 593),
(649, 8, 3, 593),
(650, 8, 4, 593),
(651, 8, 5, 593),
(652, 8, 6, 593),
(653, 8, 2, 593),
(654, 8, 3, 593),
(655, 8, 4, 593),
(656, 8, 5, 593),
(657, 8, 6, 593),
(658, 8, 2, 593),
(659, 8, 3, 593),
(660, 8, 4, 593),
(661, 8, 5, 593),
(662, 8, 6, 593),
(663, 8, 2, 593),
(664, 8, 3, 593),
(665, 8, 4, 593),
(666, 8, 5, 593),
(667, 8, 6, 593),
(668, 8, 2, 593),
(669, 8, 3, 593),
(670, 8, 4, 593),
(671, 8, 5, 593),
(672, 8, 6, 593),
(673, 8, 2, 593),
(674, 8, 3, 593),
(675, 8, 4, 593),
(676, 8, 5, 593),
(677, 8, 6, 593),
(678, 8, 2, 593),
(679, 8, 3, 593),
(680, 8, 4, 593),
(681, 8, 5, 593),
(682, 8, 6, 593),
(683, 8, 2, 687),
(684, 8, 2, 687),
(685, 8, 3, 639),
(686, 8, 4, 639),
(687, 8, 5, 639),
(688, 8, 6, 639),
(689, 8, 2, 639),
(690, 8, 3, 639),
(691, 8, 4, 639),
(692, 8, 5, 639),
(693, 8, 6, 639),
(694, 8, 2, 639),
(695, 8, 3, 639),
(696, 8, 4, 639),
(697, 8, 5, 639),
(698, 8, 6, 639),
(699, 8, 2, 639),
(700, 8, 3, 639),
(701, 8, 4, 639),
(702, 8, 5, 639),
(703, 8, 6, 639),
(704, 8, 2, 639),
(705, 8, 3, 639),
(706, 8, 4, 639),
(707, 8, 5, 639),
(708, 8, 6, 639),
(709, 8, 2, 639),
(710, 8, 3, 639),
(711, 8, 4, 639),
(712, 8, 5, 639),
(713, 8, 6, 639),
(714, 8, 2, 639),
(715, 8, 3, 639),
(716, 8, 4, 639),
(717, 8, 5, 639),
(718, 8, 6, 639),
(719, 8, 2, 639),
(720, 8, 3, 639),
(721, 8, 4, 639),
(722, 8, 5, 639),
(723, 8, 6, 639),
(724, 8, 2, 639),
(725, 8, 3, 639),
(726, 8, 4, 639),
(727, 8, 5, 639),
(728, 8, 6, 639),
(729, 8, 2, 732),
(730, 8, 2, 732),
(731, 8, 3, 685),
(732, 8, 4, 685),
(733, 8, 5, 685),
(734, 8, 6, 685),
(735, 8, 2, 685),
(736, 8, 3, 685),
(737, 8, 4, 685),
(738, 8, 5, 685),
(739, 8, 6, 685),
(740, 8, 2, 685),
(741, 8, 3, 685),
(742, 8, 4, 685),
(743, 8, 5, 685),
(744, 8, 6, 685),
(745, 8, 2, 685),
(746, 8, 3, 685),
(747, 8, 4, 685),
(748, 8, 5, 685),
(749, 8, 6, 685),
(750, 8, 2, 685),
(751, 8, 3, 685),
(752, 8, 4, 685),
(753, 8, 5, 685),
(754, 8, 6, 685),
(755, 8, 2, 685),
(756, 8, 3, 685),
(757, 8, 4, 685),
(758, 8, 5, 685),
(759, 8, 6, 685),
(760, 8, 2, 685),
(761, 8, 3, 685),
(762, 8, 4, 685),
(763, 8, 5, 685),
(764, 8, 6, 685),
(765, 8, 2, 685),
(766, 8, 3, 685),
(767, 8, 4, 685),
(768, 8, 5, 685),
(769, 8, 6, 685),
(770, 8, 2, 685),
(771, 8, 3, 685),
(772, 8, 4, 685),
(773, 8, 5, 685),
(774, 8, 6, 685),
(775, 8, 2, 777),
(776, 8, 2, 777),
(777, 8, 3, 731),
(778, 8, 4, 731),
(779, 8, 5, 731),
(780, 8, 6, 731),
(781, 8, 2, 731),
(782, 8, 3, 731),
(783, 8, 4, 731),
(784, 8, 5, 731),
(785, 8, 6, 731),
(786, 8, 2, 731),
(787, 8, 3, 731),
(788, 8, 4, 731),
(789, 8, 5, 731),
(790, 8, 6, 731),
(791, 8, 2, 731),
(792, 8, 3, 731),
(793, 8, 4, 731),
(794, 8, 5, 731),
(795, 8, 6, 731),
(796, 8, 2, 731),
(797, 8, 3, 731),
(798, 8, 4, 731),
(799, 8, 5, 731),
(800, 8, 6, 731),
(801, 8, 2, 731),
(802, 8, 3, 731),
(803, 8, 4, 731),
(804, 8, 5, 731),
(805, 8, 6, 731),
(806, 8, 2, 731),
(807, 8, 3, 731),
(808, 8, 4, 731),
(809, 8, 5, 731),
(810, 8, 6, 731),
(811, 8, 2, 731),
(812, 8, 3, 731),
(813, 8, 4, 731),
(814, 8, 5, 731),
(815, 8, 6, 731),
(816, 8, 2, 731),
(817, 8, 3, 731),
(818, 8, 4, 731),
(819, 8, 5, 731),
(820, 8, 6, 731),
(821, 8, 2, 822),
(822, 8, 2, 822),
(823, 8, 3, 777),
(824, 8, 4, 777),
(825, 8, 5, 777),
(826, 8, 6, 777),
(827, 8, 2, 777),
(828, 8, 3, 777),
(829, 8, 4, 777),
(830, 8, 5, 777),
(831, 8, 6, 777),
(832, 8, 2, 777),
(833, 8, 3, 777),
(834, 8, 4, 777),
(835, 8, 5, 777),
(836, 8, 6, 777),
(837, 8, 2, 777),
(838, 8, 3, 777),
(839, 8, 4, 777),
(840, 8, 5, 777),
(841, 8, 6, 777),
(842, 8, 2, 777),
(843, 8, 3, 777),
(844, 8, 4, 777),
(845, 8, 5, 777),
(846, 8, 6, 777),
(847, 8, 2, 777),
(848, 8, 3, 777),
(849, 8, 4, 777),
(850, 8, 5, 777),
(851, 8, 6, 777),
(852, 8, 2, 777),
(853, 8, 3, 777),
(854, 8, 4, 777),
(855, 8, 5, 777),
(856, 8, 6, 777),
(857, 8, 2, 777),
(858, 8, 3, 777),
(859, 8, 4, 777),
(860, 8, 5, 777),
(861, 8, 6, 777),
(862, 8, 2, 777),
(863, 8, 3, 777),
(864, 8, 4, 777),
(865, 8, 5, 777),
(866, 8, 6, 777),
(867, 8, 2, 867),
(868, 8, 2, 867),
(869, 8, 3, 823),
(870, 8, 4, 823),
(871, 8, 5, 823),
(872, 8, 6, 823),
(873, 8, 2, 823),
(874, 8, 3, 823),
(875, 8, 4, 823),
(876, 8, 5, 823),
(877, 8, 6, 823),
(878, 8, 2, 823),
(879, 8, 3, 823),
(880, 8, 4, 823),
(881, 8, 5, 823),
(882, 8, 6, 823),
(883, 8, 2, 823),
(884, 8, 3, 823),
(885, 8, 4, 823),
(886, 8, 5, 823),
(887, 8, 6, 823),
(888, 8, 2, 823),
(889, 8, 3, 823),
(890, 8, 4, 823),
(891, 8, 5, 823),
(892, 8, 6, 823),
(893, 8, 2, 823),
(894, 8, 3, 823),
(895, 8, 4, 823),
(896, 8, 5, 823),
(897, 8, 6, 823),
(898, 8, 2, 823),
(899, 8, 3, 823),
(900, 8, 4, 823),
(901, 8, 5, 823),
(902, 8, 6, 823),
(903, 8, 2, 823),
(904, 8, 3, 823),
(905, 8, 4, 823),
(906, 8, 5, 823),
(907, 8, 6, 823),
(908, 8, 2, 823),
(909, 8, 3, 823),
(910, 8, 4, 823),
(911, 8, 5, 823),
(912, 8, 6, 823),
(913, 8, 2, 912),
(914, 8, 2, 912),
(915, 8, 3, 869),
(916, 8, 4, 869),
(917, 8, 5, 869),
(918, 8, 6, 869),
(919, 8, 2, 869),
(920, 8, 3, 869),
(921, 8, 4, 869),
(922, 8, 5, 869),
(923, 8, 6, 869),
(924, 8, 2, 869),
(925, 8, 3, 869),
(926, 8, 4, 869),
(927, 8, 5, 869),
(928, 8, 6, 869),
(929, 8, 2, 869),
(930, 8, 3, 869),
(931, 8, 4, 869),
(932, 8, 5, 869),
(933, 8, 6, 869),
(934, 8, 2, 869),
(935, 8, 3, 869),
(936, 8, 4, 869),
(937, 8, 5, 869),
(938, 8, 6, 869),
(939, 8, 2, 869),
(940, 8, 3, 869),
(941, 8, 4, 869),
(942, 8, 5, 869),
(943, 8, 6, 869),
(944, 8, 2, 869),
(945, 8, 3, 869),
(946, 8, 4, 869),
(947, 8, 5, 869),
(948, 8, 6, 869),
(949, 8, 2, 869),
(950, 8, 3, 869),
(951, 8, 4, 869),
(952, 8, 5, 869),
(953, 8, 6, 869),
(954, 8, 2, 869),
(955, 8, 3, 869),
(956, 8, 4, 869),
(957, 8, 5, 869),
(958, 8, 6, 869),
(959, 8, 2, 957),
(960, 8, 2, 957),
(961, 8, 3, 915),
(962, 8, 4, 915),
(963, 8, 5, 915),
(964, 8, 6, 915),
(965, 8, 2, 915),
(966, 8, 3, 915),
(967, 8, 4, 915),
(968, 8, 5, 915),
(969, 8, 6, 915),
(970, 8, 2, 915),
(971, 8, 3, 915),
(972, 8, 4, 915),
(973, 8, 5, 915),
(974, 8, 6, 915),
(975, 8, 2, 915),
(976, 8, 3, 915),
(977, 8, 4, 915),
(978, 8, 5, 915),
(979, 8, 6, 915),
(980, 8, 2, 915),
(981, 8, 3, 915),
(982, 8, 4, 915),
(983, 8, 5, 915),
(984, 8, 6, 915),
(985, 8, 2, 915),
(986, 8, 3, 915),
(987, 8, 4, 915),
(988, 8, 5, 915),
(989, 8, 6, 915),
(990, 8, 2, 915),
(991, 8, 3, 915),
(992, 8, 4, 915),
(993, 8, 5, 915),
(994, 8, 6, 915),
(995, 8, 2, 915),
(996, 8, 3, 915),
(997, 8, 4, 915),
(998, 8, 5, 915),
(999, 8, 6, 915),
(1000, 8, 2, 915),
(1001, 8, 3, 915),
(1002, 8, 4, 915),
(1003, 8, 5, 915),
(1004, 8, 6, 915),
(1005, 8, 2, 1002),
(1006, 8, 2, 1002),
(1007, 8, 3, 961),
(1008, 8, 4, 961),
(1009, 8, 5, 961),
(1010, 8, 6, 961),
(1011, 8, 2, 961),
(1012, 8, 3, 961),
(1013, 8, 4, 961),
(1014, 8, 5, 961),
(1015, 8, 6, 961),
(1016, 8, 2, 961),
(1017, 8, 3, 961),
(1018, 8, 4, 961),
(1019, 8, 5, 961),
(1020, 8, 6, 961),
(1021, 8, 2, 961),
(1022, 8, 3, 961),
(1023, 8, 4, 961),
(1024, 8, 5, 961),
(1025, 8, 6, 961),
(1026, 8, 2, 961),
(1027, 8, 3, 961),
(1028, 8, 4, 961),
(1029, 8, 5, 961),
(1030, 8, 6, 961),
(1031, 8, 2, 961),
(1032, 8, 3, 961),
(1033, 8, 4, 961),
(1034, 8, 5, 961),
(1035, 8, 6, 961),
(1036, 8, 2, 961),
(1037, 8, 3, 961),
(1038, 8, 4, 961),
(1039, 8, 5, 961),
(1040, 8, 6, 961),
(1041, 8, 2, 961),
(1042, 8, 3, 961),
(1043, 8, 4, 961),
(1044, 8, 5, 961),
(1045, 8, 6, 961),
(1046, 8, 2, 961),
(1047, 8, 3, 961),
(1048, 8, 4, 961),
(1049, 8, 5, 961),
(1050, 8, 6, 961),
(1051, 8, 2, 1047),
(1052, 8, 2, 1047),
(1053, 8, 3, 1007),
(1054, 8, 4, 1007),
(1055, 8, 5, 1007),
(1056, 8, 6, 1007),
(1057, 8, 2, 1007),
(1058, 8, 3, 1007),
(1059, 8, 4, 1007),
(1060, 8, 5, 1007),
(1061, 8, 6, 1007),
(1062, 8, 2, 1007),
(1063, 8, 3, 1007),
(1064, 8, 4, 1007),
(1065, 8, 5, 1007),
(1066, 8, 6, 1007),
(1067, 8, 2, 1007),
(1068, 8, 3, 1007),
(1069, 8, 4, 1007),
(1070, 8, 5, 1007),
(1071, 8, 6, 1007),
(1072, 8, 2, 1007),
(1073, 8, 3, 1007),
(1074, 8, 4, 1007),
(1075, 8, 5, 1007),
(1076, 8, 6, 1007),
(1077, 8, 2, 1007),
(1078, 8, 3, 1007),
(1079, 8, 4, 1007),
(1080, 8, 5, 1007),
(1081, 8, 6, 1007),
(1082, 8, 2, 1007),
(1083, 8, 3, 1007),
(1084, 8, 4, 1007),
(1085, 8, 5, 1007),
(1086, 8, 6, 1007),
(1087, 8, 2, 1007),
(1088, 8, 3, 1007),
(1089, 8, 4, 1007),
(1090, 8, 5, 1007),
(1091, 8, 6, 1007),
(1092, 8, 2, 1007),
(1093, 8, 3, 1007),
(1094, 8, 4, 1007),
(1095, 8, 5, 1007),
(1096, 8, 6, 1007),
(1097, 8, 2, 1092),
(1098, 8, 2, 1092),
(1099, 8, 3, 1053),
(1100, 8, 4, 1053),
(1101, 8, 5, 1053),
(1102, 8, 6, 1053),
(1103, 8, 2, 1053),
(1104, 8, 3, 1053),
(1105, 8, 4, 1053),
(1106, 8, 5, 1053),
(1107, 8, 6, 1053),
(1108, 8, 2, 1053),
(1109, 8, 3, 1053),
(1110, 8, 4, 1053),
(1111, 8, 5, 1053),
(1112, 8, 6, 1053),
(1113, 8, 2, 1053),
(1114, 8, 3, 1053),
(1115, 8, 4, 1053),
(1116, 8, 5, 1053),
(1117, 8, 6, 1053),
(1118, 8, 2, 1053),
(1119, 8, 3, 1053),
(1120, 8, 4, 1053),
(1121, 8, 5, 1053),
(1122, 8, 6, 1053),
(1123, 8, 2, 1053),
(1124, 8, 3, 1053),
(1125, 8, 4, 1053),
(1126, 8, 5, 1053),
(1127, 8, 6, 1053),
(1128, 8, 2, 1053),
(1129, 8, 3, 1053),
(1130, 8, 4, 1053),
(1131, 8, 5, 1053),
(1132, 8, 6, 1053),
(1133, 8, 2, 1053),
(1134, 8, 3, 1053),
(1135, 8, 4, 1053),
(1136, 8, 5, 1053),
(1137, 8, 6, 1053),
(1138, 8, 2, 1053),
(1139, 8, 3, 1053),
(1140, 8, 4, 1053),
(1141, 8, 5, 1053),
(1142, 8, 6, 1053),
(1143, 8, 2, 1137),
(1144, 8, 2, 1137),
(1145, 8, 3, 1099),
(1146, 8, 4, 1099),
(1147, 8, 5, 1099),
(1148, 8, 6, 1099),
(1149, 8, 2, 1099),
(1150, 8, 3, 1099),
(1151, 8, 4, 1099),
(1152, 8, 5, 1099),
(1153, 8, 6, 1099),
(1154, 8, 2, 1099),
(1155, 8, 3, 1099),
(1156, 8, 4, 1099),
(1157, 8, 5, 1099),
(1158, 8, 6, 1099),
(1159, 8, 2, 1099),
(1160, 8, 3, 1099),
(1161, 8, 4, 1099),
(1162, 8, 5, 1099),
(1163, 8, 6, 1099),
(1164, 8, 2, 1099),
(1165, 8, 3, 1099),
(1166, 8, 4, 1099),
(1167, 8, 5, 1099),
(1168, 8, 6, 1099),
(1169, 8, 2, 1099),
(1170, 8, 3, 1099),
(1171, 8, 4, 1099),
(1172, 8, 5, 1099),
(1173, 8, 6, 1099),
(1174, 8, 2, 1099),
(1175, 8, 3, 1099),
(1176, 8, 4, 1099),
(1177, 8, 5, 1099),
(1178, 8, 6, 1099),
(1179, 8, 2, 1099),
(1180, 8, 3, 1099),
(1181, 8, 4, 1099),
(1182, 8, 5, 1099),
(1183, 8, 6, 1099),
(1184, 8, 2, 1099),
(1185, 8, 3, 1099),
(1186, 8, 4, 1099),
(1187, 8, 5, 1099),
(1188, 8, 6, 1099),
(1189, 0, 2, 1182),
(1190, 0, 2, 1182),
(1191, 0, 3, 1145),
(1192, 0, 4, 1145),
(1193, 0, 5, 1145),
(1194, 0, 6, 1145),
(1195, 1, 2, 1145),
(1196, 1, 3, 1145),
(1197, 1, 4, 1145),
(1198, 1, 5, 1145),
(1199, 1, 6, 1145),
(1200, 2, 2, 1145),
(1201, 2, 3, 1145),
(1202, 2, 4, 1145),
(1203, 2, 5, 1145),
(1204, 2, 6, 1145),
(1205, 3, 2, 1145),
(1206, 3, 3, 1145),
(1207, 3, 4, 1145),
(1208, 3, 5, 1145),
(1209, 3, 6, 1145),
(1210, 4, 2, 1145),
(1211, 4, 3, 1145),
(1212, 4, 4, 1145),
(1213, 4, 5, 1145),
(1214, 4, 6, 1145),
(1215, 5, 2, 1145),
(1216, 5, 3, 1145),
(1217, 5, 4, 1145),
(1218, 5, 5, 1145),
(1219, 5, 6, 1145),
(1220, 6, 2, 1145),
(1221, 6, 3, 1145),
(1222, 6, 4, 1145),
(1223, 6, 5, 1145),
(1224, 6, 6, 1145),
(1225, 7, 2, 1145),
(1226, 7, 3, 1145),
(1227, 7, 4, 1145),
(1228, 7, 5, 1145),
(1229, 7, 6, 1145),
(1230, 8, 2, 1145),
(1231, 8, 3, 1145),
(1232, 8, 4, 1145),
(1233, 8, 5, 1145),
(1234, 8, 6, 1145),
(1235, 0, 2, 1227),
(1236, 0, 2, 1227),
(1237, 0, 3, 1191),
(1238, 0, 4, 1191),
(1239, 0, 5, 1191),
(1240, 0, 6, 1191),
(1241, 1, 2, 1191),
(1242, 1, 3, 1191),
(1243, 1, 4, 1191),
(1244, 1, 5, 1191),
(1245, 1, 6, 1191),
(1246, 2, 2, 1191),
(1247, 2, 3, 1191),
(1248, 2, 4, 1191),
(1249, 2, 5, 1191),
(1250, 2, 6, 1191),
(1251, 3, 2, 1191),
(1252, 3, 3, 1191),
(1253, 3, 4, 1191),
(1254, 3, 5, 1191),
(1255, 3, 6, 1191),
(1256, 4, 2, 1191),
(1257, 4, 3, 1191),
(1258, 4, 4, 1191),
(1259, 4, 5, 1191),
(1260, 4, 6, 1191),
(1261, 5, 2, 1191),
(1262, 5, 3, 1191),
(1263, 5, 4, 1191),
(1264, 5, 5, 1191),
(1265, 5, 6, 1191),
(1266, 6, 2, 1191),
(1267, 6, 3, 1191),
(1268, 6, 4, 1191),
(1269, 6, 5, 1191),
(1270, 6, 6, 1191),
(1271, 7, 2, 1191),
(1272, 7, 3, 1191),
(1273, 7, 4, 1191),
(1274, 7, 5, 1191),
(1275, 7, 6, 1191),
(1276, 8, 2, 1191),
(1277, 8, 3, 1191),
(1278, 8, 4, 1191),
(1279, 8, 5, 1191),
(1280, 8, 6, 1191),
(1281, 0, 2, 1272),
(1282, 0, 2, 1272),
(1283, 0, 3, 1237),
(1284, 0, 4, 1237),
(1285, 0, 5, 1237),
(1286, 0, 6, 1237),
(1287, 1, 2, 1237),
(1288, 1, 3, 1237),
(1289, 1, 4, 1237),
(1290, 1, 5, 1237),
(1291, 1, 6, 1237),
(1292, 2, 2, 1237),
(1293, 2, 3, 1237),
(1294, 2, 4, 1237),
(1295, 2, 5, 1237),
(1296, 2, 6, 1237),
(1297, 3, 2, 1237),
(1298, 3, 3, 1237),
(1299, 3, 4, 1237),
(1300, 3, 5, 1237),
(1301, 3, 6, 1237),
(1302, 4, 2, 1237),
(1303, 4, 3, 1237),
(1304, 4, 4, 1237),
(1305, 4, 5, 1237),
(1306, 4, 6, 1237),
(1307, 5, 2, 1237),
(1308, 5, 3, 1237),
(1309, 5, 4, 1237),
(1310, 5, 5, 1237),
(1311, 5, 6, 1237),
(1312, 6, 2, 1237),
(1313, 6, 3, 1237),
(1314, 6, 4, 1237),
(1315, 6, 5, 1237),
(1316, 6, 6, 1237),
(1317, 7, 2, 1237),
(1318, 7, 3, 1237),
(1319, 7, 4, 1237),
(1320, 7, 5, 1237),
(1321, 7, 6, 1237),
(1322, 8, 2, 1237),
(1323, 8, 3, 1237),
(1324, 8, 4, 1237),
(1325, 8, 5, 1237),
(1326, 8, 6, 1237),
(1327, 0, 2, 1317),
(1328, 0, 2, 1317),
(1329, 0, 3, 1283),
(1330, 0, 4, 1283),
(1331, 0, 5, 1283),
(1332, 0, 6, 1283),
(1333, 1, 2, 1283),
(1334, 1, 3, 1283),
(1335, 1, 4, 1283),
(1336, 1, 5, 1283),
(1337, 1, 6, 1283),
(1338, 2, 2, 1283),
(1339, 2, 3, 1283),
(1340, 2, 4, 1283),
(1341, 2, 5, 1283),
(1342, 2, 6, 1283),
(1343, 3, 2, 1283),
(1344, 3, 3, 1283),
(1345, 3, 4, 1283),
(1346, 3, 5, 1283),
(1347, 3, 6, 1283),
(1348, 4, 2, 1283),
(1349, 4, 3, 1283),
(1350, 4, 4, 1283),
(1351, 4, 5, 1283),
(1352, 4, 6, 1283),
(1353, 5, 2, 1283),
(1354, 5, 3, 1283),
(1355, 5, 4, 1283),
(1356, 5, 5, 1283),
(1357, 5, 6, 1283),
(1358, 6, 2, 1283),
(1359, 6, 3, 1283),
(1360, 6, 4, 1283),
(1361, 6, 5, 1283),
(1362, 6, 6, 1283),
(1363, 7, 2, 1283),
(1364, 7, 3, 1283),
(1365, 7, 4, 1283),
(1366, 7, 5, 1283),
(1367, 7, 6, 1283),
(1368, 8, 2, 1283),
(1369, 8, 3, 1283),
(1370, 8, 4, 1283),
(1371, 8, 5, 1283),
(1372, 8, 6, 1283),
(1373, 0, 2, 1362),
(1374, 0, 2, 1362),
(1375, 0, 3, 1329),
(1376, 0, 4, 1329),
(1377, 0, 5, 1329),
(1378, 0, 6, 1329),
(1379, 1, 2, 1329),
(1380, 1, 3, 1329),
(1381, 1, 4, 1329),
(1382, 1, 5, 1329),
(1383, 1, 6, 1329),
(1384, 2, 2, 1329),
(1385, 2, 3, 1329),
(1386, 2, 4, 1329),
(1387, 2, 5, 1329),
(1388, 2, 6, 1329),
(1389, 3, 2, 1329),
(1390, 3, 3, 1329),
(1391, 3, 4, 1329),
(1392, 3, 5, 1329),
(1393, 3, 6, 1329),
(1394, 4, 2, 1329),
(1395, 4, 3, 1329),
(1396, 4, 4, 1329),
(1397, 4, 5, 1329),
(1398, 4, 6, 1329),
(1399, 5, 2, 1329),
(1400, 5, 3, 1329),
(1401, 5, 4, 1329),
(1402, 5, 5, 1329),
(1403, 5, 6, 1329),
(1404, 6, 2, 1329),
(1405, 6, 3, 1329),
(1406, 6, 4, 1329),
(1407, 6, 5, 1329),
(1408, 6, 6, 1329),
(1409, 7, 2, 1329),
(1410, 7, 3, 1329),
(1411, 7, 4, 1329),
(1412, 7, 5, 1329),
(1413, 7, 6, 1329),
(1414, 8, 2, 1329),
(1415, 8, 3, 1329),
(1416, 8, 4, 1329),
(1417, 8, 5, 1329),
(1418, 8, 6, 1329),
(1419, 0, 2, 1407),
(1420, 0, 2, 1407),
(1421, 0, 3, 1375),
(1422, 0, 4, 1375),
(1423, 0, 5, 1375),
(1424, 0, 6, 1375),
(1425, 1, 2, 1375),
(1426, 1, 3, 1375),
(1427, 1, 4, 1375),
(1428, 1, 5, 1375),
(1429, 1, 6, 1375),
(1430, 2, 2, 1375),
(1431, 2, 3, 1375),
(1432, 2, 4, 1375),
(1433, 2, 5, 1375),
(1434, 2, 6, 1375),
(1435, 3, 2, 1375),
(1436, 3, 3, 1375),
(1437, 3, 4, 1375),
(1438, 3, 5, 1375),
(1439, 3, 6, 1375),
(1440, 4, 2, 1375),
(1441, 4, 3, 1375),
(1442, 4, 4, 1375),
(1443, 4, 5, 1375),
(1444, 4, 6, 1375),
(1445, 5, 2, 1375),
(1446, 5, 3, 1375),
(1447, 5, 4, 1375),
(1448, 5, 5, 1375),
(1449, 5, 6, 1375),
(1450, 6, 2, 1375),
(1451, 6, 3, 1375),
(1452, 6, 4, 1375),
(1453, 6, 5, 1375),
(1454, 6, 6, 1375),
(1455, 7, 2, 1375),
(1456, 7, 3, 1375),
(1457, 7, 4, 1375),
(1458, 7, 5, 1375),
(1459, 7, 6, 1375),
(1460, 8, 2, 1375),
(1461, 8, 3, 1375),
(1462, 8, 4, 1375),
(1463, 8, 5, 1375),
(1464, 8, 6, 1375),
(1465, 0, 2, 1452),
(1466, 0, 2, 1452),
(1467, 0, 3, 1421),
(1468, 0, 4, 1421),
(1469, 0, 5, 1421),
(1470, 0, 6, 1421),
(1471, 1, 2, 1421),
(1472, 1, 3, 1421),
(1473, 1, 4, 1421),
(1474, 1, 5, 1421),
(1475, 1, 6, 1421),
(1476, 2, 2, 1421),
(1477, 2, 3, 1421),
(1478, 2, 4, 1421),
(1479, 2, 5, 1421),
(1480, 2, 6, 1421),
(1481, 3, 2, 1421),
(1482, 3, 3, 1421),
(1483, 3, 4, 1421),
(1484, 3, 5, 1421),
(1485, 3, 6, 1421),
(1486, 4, 2, 1421),
(1487, 4, 3, 1421),
(1488, 4, 4, 1421),
(1489, 4, 5, 1421),
(1490, 4, 6, 1421),
(1491, 5, 2, 1421),
(1492, 5, 3, 1421),
(1493, 5, 4, 1421),
(1494, 5, 5, 1421),
(1495, 5, 6, 1421),
(1496, 6, 2, 1421),
(1497, 6, 3, 1421),
(1498, 6, 4, 1421),
(1499, 6, 5, 1421),
(1500, 6, 6, 1421),
(1501, 7, 2, 1421),
(1502, 7, 3, 1421),
(1503, 7, 4, 1421),
(1504, 7, 5, 1421),
(1505, 7, 6, 1421),
(1506, 8, 2, 1421),
(1507, 8, 3, 1421),
(1508, 8, 4, 1421),
(1509, 8, 5, 1421),
(1510, 8, 6, 1421),
(1511, 0, 2, 1497),
(1512, 0, 2, 1497),
(1513, 0, 3, 1467),
(1514, 0, 4, 1467),
(1515, 0, 5, 1467),
(1516, 0, 6, 1467),
(1517, 1, 2, 1467),
(1518, 1, 3, 1467),
(1519, 1, 4, 1467),
(1520, 1, 5, 1467),
(1521, 1, 6, 1467),
(1522, 2, 2, 1467),
(1523, 2, 3, 1467),
(1524, 2, 4, 1467),
(1525, 2, 5, 1467),
(1526, 2, 6, 1467),
(1527, 3, 2, 1467),
(1528, 3, 3, 1467),
(1529, 3, 4, 1467),
(1530, 3, 5, 1467),
(1531, 3, 6, 1467),
(1532, 4, 2, 1467),
(1533, 4, 3, 1467),
(1534, 4, 4, 1467),
(1535, 4, 5, 1467),
(1536, 4, 6, 1467),
(1537, 5, 2, 1467),
(1538, 5, 3, 1467),
(1539, 5, 4, 1467),
(1540, 5, 5, 1467),
(1541, 5, 6, 1467),
(1542, 6, 2, 1467),
(1543, 6, 3, 1467),
(1544, 6, 4, 1467),
(1545, 6, 5, 1467),
(1546, 6, 6, 1467),
(1547, 7, 2, 1467),
(1548, 7, 3, 1467),
(1549, 7, 4, 1467),
(1550, 7, 5, 1467),
(1551, 7, 6, 1467),
(1552, 8, 2, 1467),
(1553, 8, 3, 1467),
(1554, 8, 4, 1467),
(1555, 8, 5, 1467),
(1556, 8, 6, 1467),
(1557, 0, 2, 1542),
(1558, 0, 2, 1542),
(1559, 0, 3, 1513),
(1560, 0, 4, 1513),
(1561, 0, 5, 1513),
(1562, 0, 6, 1513),
(1563, 1, 2, 1513),
(1564, 1, 3, 1513),
(1565, 1, 4, 1513),
(1566, 1, 5, 1513),
(1567, 1, 6, 1513),
(1568, 2, 2, 1513),
(1569, 2, 3, 1513),
(1570, 2, 4, 1513),
(1571, 2, 5, 1513),
(1572, 2, 6, 1513),
(1573, 3, 2, 1513),
(1574, 3, 3, 1513),
(1575, 3, 4, 1513),
(1576, 3, 5, 1513),
(1577, 3, 6, 1513),
(1578, 4, 2, 1513),
(1579, 4, 3, 1513),
(1580, 4, 4, 1513),
(1581, 4, 5, 1513),
(1582, 4, 6, 1513),
(1583, 5, 2, 1513),
(1584, 5, 3, 1513),
(1585, 5, 4, 1513),
(1586, 5, 5, 1513),
(1587, 5, 6, 1513),
(1588, 6, 2, 1513),
(1589, 6, 3, 1513),
(1590, 6, 4, 1513),
(1591, 6, 5, 1513),
(1592, 6, 6, 1513),
(1593, 7, 2, 1513),
(1594, 7, 3, 1513),
(1595, 7, 4, 1513),
(1596, 7, 5, 1513),
(1597, 7, 6, 1513),
(1598, 8, 2, 1513),
(1599, 8, 3, 1513),
(1600, 8, 4, 1513),
(1601, 8, 5, 1513),
(1602, 8, 6, 1513),
(1603, 0, 2, 1587),
(1604, 0, 2, 1587),
(1605, 0, 3, 1559),
(1606, 0, 4, 1559),
(1607, 0, 5, 1559),
(1608, 0, 6, 1559),
(1609, 1, 2, 1559),
(1610, 1, 3, 1559),
(1611, 1, 4, 1559),
(1612, 1, 5, 1559),
(1613, 1, 6, 1559),
(1614, 2, 2, 1559),
(1615, 2, 3, 1559),
(1616, 2, 4, 1559),
(1617, 2, 5, 1559),
(1618, 2, 6, 1559),
(1619, 3, 2, 1559),
(1620, 3, 3, 1559),
(1621, 3, 4, 1559),
(1622, 3, 5, 1559),
(1623, 3, 6, 1559),
(1624, 4, 2, 1559),
(1625, 4, 3, 1559),
(1626, 4, 4, 1559),
(1627, 4, 5, 1559),
(1628, 4, 6, 1559),
(1629, 5, 2, 1559),
(1630, 5, 3, 1559),
(1631, 5, 4, 1559),
(1632, 5, 5, 1559),
(1633, 5, 6, 1559),
(1634, 6, 2, 1559),
(1635, 6, 3, 1559),
(1636, 6, 4, 1559),
(1637, 6, 5, 1559),
(1638, 6, 6, 1559),
(1639, 7, 2, 1559),
(1640, 7, 3, 1559),
(1641, 7, 4, 1559),
(1642, 7, 5, 1559),
(1643, 7, 6, 1559),
(1644, 8, 2, 1559),
(1645, 8, 3, 1559),
(1646, 8, 4, 1559),
(1647, 8, 5, 1559),
(1648, 8, 6, 1559),
(1649, 0, 2, 1632),
(1650, 0, 2, 1632),
(1651, 0, 3, 1605),
(1652, 0, 4, 1605),
(1653, 0, 5, 1605),
(1654, 0, 6, 1605),
(1655, 1, 2, 1605),
(1656, 1, 3, 1605),
(1657, 1, 4, 1605),
(1658, 1, 5, 1605),
(1659, 1, 6, 1605),
(1660, 2, 2, 1605),
(1661, 2, 3, 1605),
(1662, 2, 4, 1605),
(1663, 2, 5, 1605),
(1664, 2, 6, 1605),
(1665, 3, 2, 1605),
(1666, 3, 3, 1605),
(1667, 3, 4, 1605),
(1668, 3, 5, 1605),
(1669, 3, 6, 1605),
(1670, 4, 2, 1605),
(1671, 4, 3, 1605),
(1672, 4, 4, 1605),
(1673, 4, 5, 1605),
(1674, 4, 6, 1605),
(1675, 5, 2, 1605),
(1676, 5, 3, 1605),
(1677, 5, 4, 1605),
(1678, 5, 5, 1605),
(1679, 5, 6, 1605),
(1680, 6, 2, 1605),
(1681, 6, 3, 1605),
(1682, 6, 4, 1605),
(1683, 6, 5, 1605),
(1684, 6, 6, 1605),
(1685, 7, 2, 1605),
(1686, 7, 3, 1605),
(1687, 7, 4, 1605),
(1688, 7, 5, 1605),
(1689, 7, 6, 1605),
(1690, 8, 2, 1605),
(1691, 8, 3, 1605),
(1692, 8, 4, 1605),
(1693, 8, 5, 1605),
(1694, 8, 6, 1605),
(1695, 0, 2, 1677),
(1696, 0, 2, 1677),
(1697, 0, 3, 1651),
(1698, 0, 4, 1651),
(1699, 0, 5, 1651),
(1700, 0, 6, 1651),
(1701, 1, 2, 1651),
(1702, 1, 3, 1651),
(1703, 1, 4, 1651),
(1704, 1, 5, 1651),
(1705, 1, 6, 1651),
(1706, 2, 2, 1651),
(1707, 2, 3, 1651),
(1708, 2, 4, 1651),
(1709, 2, 5, 1651),
(1710, 2, 6, 1651),
(1711, 3, 2, 1651),
(1712, 3, 3, 1651),
(1713, 3, 4, 1651),
(1714, 3, 5, 1651),
(1715, 3, 6, 1651),
(1716, 4, 2, 1651),
(1717, 4, 3, 1651),
(1718, 4, 4, 1651),
(1719, 4, 5, 1651),
(1720, 4, 6, 1651),
(1721, 5, 2, 1651),
(1722, 5, 3, 1651),
(1723, 5, 4, 1651),
(1724, 5, 5, 1651),
(1725, 5, 6, 1651),
(1726, 6, 2, 1651),
(1727, 6, 3, 1651),
(1728, 6, 4, 1651),
(1729, 6, 5, 1651),
(1730, 6, 6, 1651),
(1731, 7, 2, 1651),
(1732, 7, 3, 1651),
(1733, 7, 4, 1651),
(1734, 7, 5, 1651),
(1735, 7, 6, 1651),
(1736, 8, 2, 1651),
(1737, 8, 3, 1651),
(1738, 8, 4, 1651),
(1739, 8, 5, 1651),
(1740, 8, 6, 1651),
(1741, 0, 2, 1722),
(1742, 0, 2, 1722),
(1743, 0, 3, 1697),
(1744, 0, 4, 1697),
(1745, 0, 5, 1697),
(1746, 0, 6, 1697),
(1747, 1, 2, 1697),
(1748, 1, 3, 1697),
(1749, 1, 4, 1697),
(1750, 1, 5, 1697),
(1751, 1, 6, 1697),
(1752, 2, 2, 1697),
(1753, 2, 3, 1697),
(1754, 2, 4, 1697),
(1755, 2, 5, 1697),
(1756, 2, 6, 1697),
(1757, 3, 2, 1697),
(1758, 3, 3, 1697),
(1759, 3, 4, 1697),
(1760, 3, 5, 1697),
(1761, 3, 6, 1697),
(1762, 4, 2, 1697),
(1763, 4, 3, 1697),
(1764, 4, 4, 1697),
(1765, 4, 5, 1697),
(1766, 4, 6, 1697),
(1767, 5, 2, 1697),
(1768, 5, 3, 1697),
(1769, 5, 4, 1697),
(1770, 5, 5, 1697),
(1771, 5, 6, 1697),
(1772, 6, 2, 1697),
(1773, 6, 3, 1697),
(1774, 6, 4, 1697),
(1775, 6, 5, 1697),
(1776, 6, 6, 1697),
(1777, 7, 2, 1697),
(1778, 7, 3, 1697),
(1779, 7, 4, 1697),
(1780, 7, 5, 1697),
(1781, 7, 6, 1697),
(1782, 8, 2, 1697),
(1783, 8, 3, 1697),
(1784, 8, 4, 1697),
(1785, 8, 5, 1697),
(1786, 8, 6, 1697),
(1787, 0, 2, 1767),
(1788, 0, 2, 1767),
(1789, 0, 3, 1743),
(1790, 0, 4, 1743),
(1791, 0, 5, 1743),
(1792, 0, 6, 1743),
(1793, 1, 2, 1743),
(1794, 1, 3, 1743),
(1795, 1, 4, 1743),
(1796, 1, 5, 1743),
(1797, 1, 6, 1743),
(1798, 2, 2, 1743),
(1799, 2, 3, 1743),
(1800, 2, 4, 1743),
(1801, 2, 5, 1743),
(1802, 2, 6, 1743),
(1803, 3, 2, 1743),
(1804, 3, 3, 1743),
(1805, 3, 4, 1743),
(1806, 3, 5, 1743),
(1807, 3, 6, 1743),
(1808, 4, 2, 1743),
(1809, 4, 3, 1743),
(1810, 4, 4, 1743),
(1811, 4, 5, 1743),
(1812, 4, 6, 1743),
(1813, 5, 2, 1743),
(1814, 5, 3, 1743),
(1815, 5, 4, 1743),
(1816, 5, 5, 1743),
(1817, 5, 6, 1743),
(1818, 6, 2, 1743),
(1819, 6, 3, 1743),
(1820, 6, 4, 1743),
(1821, 6, 5, 1743),
(1822, 6, 6, 1743),
(1823, 7, 2, 1743),
(1824, 7, 3, 1743),
(1825, 7, 4, 1743),
(1826, 7, 5, 1743),
(1827, 7, 6, 1743),
(1828, 8, 2, 1743),
(1829, 8, 3, 1743),
(1830, 8, 4, 1743),
(1831, 8, 5, 1743),
(1832, 8, 6, 1743),
(1833, 0, 2, 1812),
(1834, 0, 2, 1812),
(1835, 0, 3, 1789),
(1836, 0, 4, 1789),
(1837, 0, 5, 1789),
(1838, 0, 6, 1789),
(1839, 1, 2, 1789),
(1840, 1, 3, 1789),
(1841, 1, 4, 1789),
(1842, 1, 5, 1789),
(1843, 1, 6, 1789),
(1844, 2, 2, 1789),
(1845, 2, 3, 1789),
(1846, 2, 4, 1789),
(1847, 2, 5, 1789),
(1848, 2, 6, 1789),
(1849, 3, 2, 1789),
(1850, 3, 3, 1789),
(1851, 3, 4, 1789),
(1852, 3, 5, 1789),
(1853, 3, 6, 1789),
(1854, 4, 2, 1789),
(1855, 4, 3, 1789),
(1856, 4, 4, 1789),
(1857, 4, 5, 1789),
(1858, 4, 6, 1789),
(1859, 5, 2, 1789),
(1860, 5, 3, 1789),
(1861, 5, 4, 1789),
(1862, 5, 5, 1789),
(1863, 5, 6, 1789),
(1864, 6, 2, 1789),
(1865, 6, 3, 1789),
(1866, 6, 4, 1789),
(1867, 6, 5, 1789),
(1868, 6, 6, 1789),
(1869, 7, 2, 1789),
(1870, 7, 3, 1789),
(1871, 7, 4, 1789),
(1872, 7, 5, 1789),
(1873, 7, 6, 1789),
(1874, 8, 2, 1789),
(1875, 8, 3, 1789),
(1876, 8, 4, 1789),
(1877, 8, 5, 1789),
(1878, 8, 6, 1789),
(1879, 0, 2, 1857),
(1880, 0, 2, 1857),
(1881, 0, 3, 1835),
(1882, 0, 4, 1835),
(1883, 0, 5, 1835),
(1884, 0, 6, 1835),
(1885, 1, 2, 1835),
(1886, 1, 3, 1835),
(1887, 1, 4, 1835),
(1888, 1, 5, 1835),
(1889, 1, 6, 1835),
(1890, 2, 2, 1835),
(1891, 2, 3, 1835),
(1892, 2, 4, 1835),
(1893, 2, 5, 1835),
(1894, 2, 6, 1835),
(1895, 3, 2, 1835),
(1896, 3, 3, 1835),
(1897, 3, 4, 1835),
(1898, 3, 5, 1835),
(1899, 3, 6, 1835),
(1900, 4, 2, 1835),
(1901, 4, 3, 1835),
(1902, 4, 4, 1835),
(1903, 4, 5, 1835),
(1904, 4, 6, 1835),
(1905, 5, 2, 1835),
(1906, 5, 3, 1835),
(1907, 5, 4, 1835),
(1908, 5, 5, 1835),
(1909, 5, 6, 1835),
(1910, 6, 2, 1835),
(1911, 6, 3, 1835),
(1912, 6, 4, 1835),
(1913, 6, 5, 1835),
(1914, 6, 6, 1835),
(1915, 7, 2, 1835),
(1916, 7, 3, 1835),
(1917, 7, 4, 1835),
(1918, 7, 5, 1835),
(1919, 7, 6, 1835),
(1920, 8, 2, 1835),
(1921, 8, 3, 1835),
(1922, 8, 4, 1835),
(1923, 8, 5, 1835),
(1924, 8, 6, 1835),
(1925, 0, 2, 1902),
(1926, 0, 2, 1902),
(1927, 0, 3, 1881),
(1928, 0, 4, 1881),
(1929, 0, 5, 1881),
(1930, 0, 6, 1881),
(1931, 1, 2, 1881),
(1932, 1, 3, 1881),
(1933, 1, 4, 1881),
(1934, 1, 5, 1881),
(1935, 1, 6, 1881),
(1936, 2, 2, 1881),
(1937, 2, 3, 1881),
(1938, 2, 4, 1881),
(1939, 2, 5, 1881),
(1940, 2, 6, 1881),
(1941, 3, 2, 1881),
(1942, 3, 3, 1881),
(1943, 3, 4, 1881),
(1944, 3, 5, 1881),
(1945, 3, 6, 1881),
(1946, 4, 2, 1881),
(1947, 4, 3, 1881),
(1948, 4, 4, 1881),
(1949, 4, 5, 1881),
(1950, 4, 6, 1881),
(1951, 5, 2, 1881),
(1952, 5, 3, 1881),
(1953, 5, 4, 1881),
(1954, 5, 5, 1881),
(1955, 5, 6, 1881),
(1956, 6, 2, 1881),
(1957, 6, 3, 1881),
(1958, 6, 4, 1881),
(1959, 6, 5, 1881),
(1960, 6, 6, 1881),
(1961, 7, 2, 1881),
(1962, 7, 3, 1881),
(1963, 7, 4, 1881),
(1964, 7, 5, 1881),
(1965, 7, 6, 1881),
(1966, 8, 2, 1881),
(1967, 8, 3, 1881),
(1968, 8, 4, 1881),
(1969, 8, 5, 1881),
(1970, 8, 6, 1881),
(1971, 0, 2, 1947),
(1972, 0, 2, 1947),
(1973, 0, 3, 1927),
(1974, 0, 4, 1927),
(1975, 0, 5, 1927),
(1976, 0, 6, 1927),
(1977, 1, 2, 1927),
(1978, 1, 3, 1927),
(1979, 1, 4, 1927),
(1980, 1, 5, 1927),
(1981, 1, 6, 1927),
(1982, 2, 2, 1927),
(1983, 2, 3, 1927),
(1984, 2, 4, 1927),
(1985, 2, 5, 1927),
(1986, 2, 6, 1927),
(1987, 3, 2, 1927),
(1988, 3, 3, 1927),
(1989, 3, 4, 1927),
(1990, 3, 5, 1927),
(1991, 3, 6, 1927),
(1992, 4, 2, 1927),
(1993, 4, 3, 1927),
(1994, 4, 4, 1927),
(1995, 4, 5, 1927),
(1996, 4, 6, 1927),
(1997, 5, 2, 1927),
(1998, 5, 3, 1927),
(1999, 5, 4, 1927),
(2000, 5, 5, 1927),
(2001, 5, 6, 1927),
(2002, 6, 2, 1927),
(2003, 6, 3, 1927),
(2004, 6, 4, 1927),
(2005, 6, 5, 1927),
(2006, 6, 6, 1927),
(2007, 7, 2, 1927),
(2008, 7, 3, 1927),
(2009, 7, 4, 1927),
(2010, 7, 5, 1927),
(2011, 7, 6, 1927),
(2012, 8, 2, 1927),
(2013, 8, 3, 1927),
(2014, 8, 4, 1927),
(2015, 8, 5, 1927),
(2016, 8, 6, 1927),
(2017, 0, 2, 1992),
(2018, 0, 2, 1992),
(2019, 0, 3, 1973),
(2020, 0, 4, 1973),
(2021, 0, 5, 1973),
(2022, 0, 6, 1973),
(2023, 1, 2, 1973),
(2024, 1, 3, 1973),
(2025, 1, 4, 1973),
(2026, 1, 5, 1973),
(2027, 1, 6, 1973),
(2028, 2, 2, 1973),
(2029, 2, 3, 1973),
(2030, 2, 4, 1973),
(2031, 2, 5, 1973),
(2032, 2, 6, 1973),
(2033, 3, 2, 1973),
(2034, 3, 3, 1973),
(2035, 3, 4, 1973),
(2036, 3, 5, 1973),
(2037, 3, 6, 1973),
(2038, 4, 2, 1973),
(2039, 4, 3, 1973),
(2040, 4, 4, 1973),
(2041, 4, 5, 1973),
(2042, 4, 6, 1973),
(2043, 5, 2, 1973),
(2044, 5, 3, 1973),
(2045, 5, 4, 1973),
(2046, 5, 5, 1973),
(2047, 5, 6, 1973),
(2048, 6, 2, 1973),
(2049, 6, 3, 1973),
(2050, 6, 4, 1973),
(2051, 6, 5, 1973),
(2052, 6, 6, 1973),
(2053, 7, 2, 1973),
(2054, 7, 3, 1973),
(2055, 7, 4, 1973),
(2056, 7, 5, 1973),
(2057, 7, 6, 1973),
(2058, 8, 2, 1973),
(2059, 8, 3, 1973),
(2060, 8, 4, 1973),
(2061, 8, 5, 1973),
(2062, 8, 6, 1973),
(2063, 0, 2, 2037),
(2064, 0, 2, 2037),
(2065, 0, 3, 2019),
(2066, 0, 4, 2019),
(2067, 0, 5, 2019),
(2068, 0, 6, 2019),
(2069, 1, 2, 2019),
(2070, 1, 3, 2019),
(2071, 1, 4, 2019),
(2072, 1, 5, 2019),
(2073, 1, 6, 2019),
(2074, 2, 2, 2019),
(2075, 2, 3, 2019),
(2076, 2, 4, 2019),
(2077, 2, 5, 2019),
(2078, 2, 6, 2019),
(2079, 3, 2, 2019),
(2080, 3, 3, 2019),
(2081, 3, 4, 2019),
(2082, 3, 5, 2019),
(2083, 3, 6, 2019),
(2084, 4, 2, 2019),
(2085, 4, 3, 2019),
(2086, 4, 4, 2019),
(2087, 4, 5, 2019),
(2088, 4, 6, 2019),
(2089, 5, 2, 2019),
(2090, 5, 3, 2019),
(2091, 5, 4, 2019),
(2092, 5, 5, 2019),
(2093, 5, 6, 2019),
(2094, 6, 2, 2019),
(2095, 6, 3, 2019),
(2096, 6, 4, 2019),
(2097, 6, 5, 2019),
(2098, 6, 6, 2019),
(2099, 7, 2, 2019),
(2100, 7, 3, 2019),
(2101, 7, 4, 2019),
(2102, 7, 5, 2019),
(2103, 7, 6, 2019),
(2104, 8, 2, 2019),
(2105, 8, 3, 2019),
(2106, 8, 4, 2019),
(2107, 8, 5, 2019),
(2108, 8, 6, 2019),
(2109, 0, 2, 2127),
(2110, 0, 2, 2127),
(2111, 0, 3, 2065),
(2112, 0, 4, 2065),
(2113, 0, 5, 2065),
(2114, 0, 6, 2065),
(2115, 1, 2, 2065),
(2116, 1, 3, 2065),
(2117, 1, 4, 2065),
(2118, 1, 5, 2065),
(2119, 1, 6, 2065),
(2120, 2, 2, 2065),
(2121, 2, 3, 2065),
(2122, 2, 4, 2065),
(2123, 2, 5, 2065),
(2124, 2, 6, 2065),
(2125, 3, 2, 2065),
(2126, 3, 3, 2065),
(2127, 3, 4, 2065),
(2128, 3, 5, 2065),
(2129, 3, 6, 2065),
(2130, 4, 2, 2065),
(2131, 4, 3, 2065),
(2132, 4, 4, 2065),
(2133, 4, 5, 2065),
(2134, 4, 6, 2065),
(2135, 5, 2, 2065),
(2136, 5, 3, 2065),
(2137, 5, 4, 2065),
(2138, 5, 5, 2065),
(2139, 5, 6, 2065),
(2140, 6, 2, 2065),
(2141, 6, 3, 2065),
(2142, 6, 4, 2065),
(2143, 6, 5, 2065),
(2144, 6, 6, 2065),
(2145, 7, 2, 2065),
(2146, 7, 3, 2065),
(2147, 7, 4, 2065),
(2148, 7, 5, 2065),
(2149, 7, 6, 2065),
(2150, 8, 2, 2065),
(2151, 8, 3, 2065),
(2152, 8, 4, 2065),
(2153, 8, 5, 2065),
(2154, 8, 6, 2065),
(2155, 0, 2, 2202),
(2156, 0, 2, 2202),
(2157, 0, 3, 2141),
(2158, 0, 4, 2141),
(2159, 0, 5, 2141),
(2160, 0, 6, 2141),
(2161, 1, 2, 2141),
(2162, 1, 3, 2141),
(2163, 1, 4, 2141),
(2164, 1, 5, 2141),
(2165, 1, 6, 2141),
(2166, 2, 2, 2141),
(2167, 2, 3, 2141),
(2168, 2, 4, 2141),
(2169, 2, 5, 2141),
(2170, 2, 6, 2141),
(2171, 0, 2, 2247),
(2172, 0, 2, 2247),
(2173, 0, 3, 2157),
(2174, 0, 4, 2157),
(2175, 0, 5, 2157),
(2176, 0, 6, 2157),
(2177, 1, 2, 2157),
(2178, 1, 3, 2157),
(2179, 1, 4, 2157),
(2180, 1, 5, 2157),
(2181, 1, 6, 2157),
(2182, 2, 2, 2157),
(2183, 2, 3, 2157),
(2184, 2, 4, 2157),
(2185, 2, 5, 2157),
(2186, 2, 6, 2157),
(2187, 0, 2, 2292),
(2188, 0, 2, 2292),
(2189, 0, 3, 2173),
(2190, 0, 4, 2173),
(2191, 0, 5, 2173),
(2192, 0, 6, 2173),
(2193, 1, 2, 2173),
(2194, 1, 3, 2173),
(2195, 1, 4, 2173),
(2196, 1, 5, 2173),
(2197, 1, 6, 2173),
(2198, 2, 2, 2173),
(2199, 2, 3, 2173),
(2200, 2, 4, 2173),
(2201, 2, 5, 2173),
(2202, 2, 6, 2173),
(2203, 0, 2, 2307),
(2204, 0, 2, 2307),
(2205, 0, 3, 2189),
(2206, 0, 4, 2189),
(2207, 0, 5, 2189),
(2208, 0, 6, 2189),
(2209, 1, 2, 2189),
(2210, 1, 3, 2189),
(2211, 1, 4, 2189),
(2212, 1, 5, 2189),
(2213, 1, 6, 2189),
(2214, 2, 2, 2189),
(2215, 2, 3, 2189),
(2216, 2, 4, 2189),
(2217, 2, 5, 2189),
(2218, 2, 6, 2189),
(2219, 0, 2, 2322),
(2220, 0, 2, 2322),
(2221, 0, 3, 2205),
(2222, 0, 4, 2205),
(2223, 0, 5, 2205),
(2224, 0, 6, 2205),
(2225, 1, 2, 2205),
(2226, 1, 3, 2205),
(2227, 1, 4, 2205),
(2228, 1, 5, 2205),
(2229, 1, 6, 2205),
(2230, 2, 2, 2205),
(2231, 2, 3, 2205),
(2232, 2, 4, 2205),
(2233, 2, 5, 2205),
(2234, 2, 6, 2205),
(2235, 0, 2, 2337),
(2236, 0, 2, 2337),
(2237, 0, 3, 2221),
(2238, 0, 4, 2221),
(2239, 0, 5, 2221),
(2240, 0, 6, 2221),
(2241, 1, 2, 2221),
(2242, 1, 3, 2221),
(2243, 1, 4, 2221),
(2244, 1, 5, 2221),
(2245, 1, 6, 2221),
(2246, 2, 2, 2221),
(2247, 2, 3, 2221),
(2248, 2, 4, 2221),
(2249, 2, 5, 2221),
(2250, 2, 6, 2221),
(2251, 0, 2, 2351),
(2252, 0, 2, 2351),
(2253, 0, 3, 2236),
(2254, 0, 4, 2236),
(2255, 0, 5, 2236),
(2256, 0, 6, 2236),
(2257, 1, 2, 2236),
(2258, 1, 3, 2236),
(2259, 1, 4, 2236),
(2260, 1, 5, 2236),
(2261, 1, 6, 2236),
(2262, 2, 2, 2236),
(2263, 2, 3, 2236),
(2264, 2, 4, 2236),
(2265, 2, 5, 2236),
(2266, 2, 6, 2236),
(2268, 0, 2, 2396),
(2269, 0, 2, 2396),
(2270, 0, 3, 2397),
(2271, 0, 4, 2398),
(2272, 0, 5, 2399),
(2273, 0, 6, 2400),
(2274, 1, 2, 2401),
(2275, 1, 3, 2402),
(2276, 1, 4, 2403),
(2277, 1, 5, 2404),
(2278, 1, 6, 2405),
(2279, 2, 2, 2406),
(2280, 2, 3, 2407),
(2281, 2, 4, 2408),
(2282, 2, 5, 2409),
(2283, 2, 6, 2410),
(2284, 0, 2, 2411),
(2285, 0, 2, 2411),
(2286, 0, 3, 2412),
(2287, 0, 4, 2413),
(2288, 0, 5, 2414),
(2289, 0, 6, 2415),
(2290, 1, 2, 2416),
(2291, 1, 3, 2417),
(2292, 1, 4, 2418),
(2293, 1, 5, 2419),
(2294, 1, 6, 2420),
(2295, 2, 2, 2421),
(2296, 2, 3, 2422),
(2297, 2, 4, 2423),
(2298, 2, 5, 2424),
(2299, 2, 6, 2425),
(2300, 0, 2, 2426),
(2301, 0, 2, 2426),
(2302, 0, 3, 2427),
(2303, 0, 4, 2428),
(2304, 0, 5, 2429),
(2305, 0, 6, 2430),
(2306, 1, 2, 2431),
(2307, 1, 3, 2432),
(2308, 1, 4, 2433),
(2309, 1, 5, 2434),
(2310, 1, 6, 2435),
(2311, 2, 2, 2436),
(2312, 2, 3, 2437),
(2313, 2, 4, 2438),
(2314, 2, 5, 2439),
(2315, 2, 6, 2440),
(2316, 0, 2, 2441),
(2317, 0, 2, 2441),
(2318, 0, 3, 2442),
(2319, 0, 4, 2443),
(2320, 0, 5, 2444),
(2321, 0, 6, 2445),
(2322, 1, 2, 2446),
(2323, 1, 3, 2447),
(2324, 1, 4, 2448),
(2325, 1, 5, 2449),
(2326, 1, 6, 2450),
(2327, 2, 2, 2451),
(2328, 2, 3, 2452),
(2329, 2, 4, 2453),
(2330, 2, 5, 2454),
(2331, 2, 6, 2455),
(2333, 0, 2, 2471),
(2334, 0, 2, 2486),
(2335, 0, 2, 2486),
(2336, 0, 3, 2487),
(2337, 0, 4, 2488),
(2338, 0, 5, 2489),
(2339, 0, 6, 2490),
(2340, 1, 2, 2491),
(2341, 1, 3, 2492),
(2342, 1, 4, 2493),
(2343, 1, 5, 2494),
(2344, 1, 6, 2495),
(2345, 2, 2, 2496),
(2346, 2, 3, 2497),
(2347, 2, 4, 2498),
(2348, 2, 5, 2499),
(2349, 2, 6, 2500),
(2350, 0, 2, 2501),
(2351, 0, 3, 2502),
(2352, 0, 4, 2503),
(2353, 0, 5, 2504),
(2354, 0, 6, 2505),
(2355, 1, 2, 2506),
(2356, 1, 3, 2507),
(2357, 1, 4, 2508),
(2358, 1, 5, 2509),
(2359, 1, 6, 2510),
(2360, 2, 2, 2511),
(2361, 2, 3, 2512),
(2362, 2, 4, 2513),
(2363, 2, 5, 2514),
(2364, 2, 6, 2515),
(2365, 0, 2, 2521),
(2366, 0, 3, 2522),
(2367, 0, 4, 2523),
(2368, 0, 5, 2524),
(2369, 0, 6, 2525),
(2370, 1, 2, 2526),
(2371, 1, 3, 2527),
(2372, 1, 4, 2528),
(2373, 1, 5, 2529),
(2374, 1, 6, 2530),
(2375, 0, 2, 2536),
(2376, 0, 3, 2537),
(2377, 0, 4, 2538),
(2378, 0, 5, 2539),
(2379, 0, 6, 2540),
(2380, 1, 2, 2541),
(2381, 1, 3, 2542),
(2382, 1, 4, 2543),
(2383, 1, 5, 2544),
(2384, 1, 6, 2545),
(2385, 0, 2, 2546),
(2386, 0, 3, 2547),
(2387, 0, 4, 2548),
(2388, 0, 5, 2549),
(2389, 0, 6, 2550),
(2390, 1, 2, 2551),
(2391, 1, 3, 2552),
(2392, 1, 4, 2553),
(2393, 1, 5, 2554),
(2394, 1, 6, 2555),
(2395, 0, 2, 2556),
(2396, 0, 3, 2557),
(2397, 0, 4, 2558),
(2398, 0, 5, 2559),
(2399, 0, 6, 2560),
(2400, 1, 2, 2561),
(2401, 1, 3, 2562),
(2402, 1, 4, 2563),
(2403, 1, 5, 2564),
(2404, 1, 6, 2565),
(2405, 0, 2, 2566),
(2406, 0, 3, 2567),
(2407, 0, 4, 2568),
(2408, 0, 5, 2569),
(2409, 0, 6, 2570),
(2410, 1, 2, 2571),
(2411, 1, 3, 2572),
(2412, 1, 4, 2573),
(2413, 1, 5, 2574),
(2414, 1, 6, 2575),
(2415, 0, 2, 2576),
(2416, 0, 3, 2577),
(2417, 0, 4, 2578),
(2418, 0, 5, 2579),
(2419, 0, 6, 2580),
(2420, 1, 2, 2581),
(2421, 1, 3, 2582),
(2422, 1, 4, 2583),
(2423, 1, 5, 2584),
(2424, 1, 6, 2585),
(2425, 0, 2, 2586),
(2426, 0, 3, 2587),
(2427, 0, 4, 2588),
(2428, 0, 5, 2589),
(2429, 0, 6, 2590),
(2430, 1, 2, 2591),
(2431, 1, 3, 2592),
(2432, 1, 4, 2593),
(2433, 1, 5, 2594),
(2434, 1, 6, 2595),
(2435, 0, 2, 2596),
(2436, 0, 3, 2597),
(2437, 0, 4, 2598),
(2438, 0, 5, 2599),
(2439, 0, 6, 2600),
(2440, 1, 2, 2601),
(2441, 1, 3, 2602),
(2442, 1, 4, 2603),
(2443, 1, 5, 2604),
(2444, 1, 6, 2605),
(2445, 0, 2, 2606),
(2446, 0, 3, 2607),
(2447, 0, 4, 2608),
(2448, 0, 5, 2609),
(2449, 0, 6, 2610),
(2450, 1, 2, 2611),
(2451, 1, 3, 2612),
(2452, 1, 4, 2613),
(2453, 1, 5, 2614),
(2454, 1, 6, 2615),
(2455, 0, 2, 2586),
(2456, 0, 3, 2587),
(2457, 0, 4, 2588),
(2458, 0, 5, 2589),
(2459, 0, 6, 2590),
(2460, 1, 2, 2591),
(2461, 1, 3, 2592),
(2462, 1, 4, 2593),
(2463, 1, 5, 2594),
(2464, 1, 6, 2595),
(2465, 2, 2, 2596),
(2466, 2, 3, 2597),
(2467, 2, 4, 2598),
(2468, 2, 5, 2599),
(2469, 2, 6, 2600),
(2470, 3, 2, 2601),
(2471, 3, 3, 2602),
(2472, 3, 4, 2603),
(2473, 3, 5, 2604),
(2474, 3, 6, 2605),
(2475, 4, 2, 2606),
(2476, 4, 3, 2607),
(2477, 4, 4, 2608),
(2478, 4, 5, 2609),
(2479, 4, 6, 2610),
(2480, 5, 2, 2611),
(2481, 5, 3, 2612),
(2482, 5, 4, 2613),
(2483, 5, 5, 2614),
(2484, 5, 6, 2615),
(2485, 6, 2, 2616),
(2486, 6, 3, 2617),
(2487, 6, 4, 2618),
(2488, 6, 5, 2619),
(2489, 6, 6, 2620),
(2490, 7, 2, 2621),
(2491, 7, 3, 2622),
(2492, 7, 4, 2623),
(2493, 7, 5, 2624),
(2494, 7, 6, 2625),
(2495, 0, 2, 2626),
(2496, 0, 3, 2627),
(2497, 0, 4, 2628),
(2498, 0, 5, 2629),
(2499, 0, 6, 2630),
(2500, 1, 2, 2631),
(2501, 1, 3, 2632),
(2502, 1, 4, 2633),
(2503, 1, 5, 2634),
(2504, 1, 6, 2635),
(2505, 2, 2, 2636),
(2506, 2, 3, 2637),
(2507, 2, 4, 2638),
(2508, 2, 5, 2639),
(2509, 2, 6, 2640),
(2510, 3, 2, 2641),
(2511, 3, 3, 2642),
(2512, 3, 4, 2643),
(2513, 3, 5, 2644),
(2514, 3, 6, 2645),
(2515, 4, 2, 2646),
(2516, 4, 3, 2647),
(2517, 4, 4, 2648),
(2518, 4, 5, 2649),
(2519, 4, 6, 2650),
(2520, 5, 2, 2651),
(2521, 5, 3, 2652),
(2522, 5, 4, 2653),
(2523, 5, 5, 2654),
(2524, 5, 6, 2655),
(2525, 6, 2, 2656),
(2526, 6, 3, 2657),
(2527, 6, 4, 2658),
(2528, 6, 5, 2659),
(2529, 6, 6, 2660),
(2530, 7, 2, 2661),
(2531, 7, 3, 2662),
(2532, 7, 4, 2663),
(2533, 7, 5, 2664),
(2534, 7, 6, 2665),
(2535, 0, 2, 2666),
(2536, 0, 3, 2667),
(2537, 0, 4, 2668),
(2538, 0, 5, 2669),
(2539, 0, 6, 2670),
(2540, 1, 2, 2671),
(2541, 1, 3, 2672),
(2542, 1, 4, 2673),
(2543, 1, 5, 2674),
(2544, 1, 6, 2675),
(2545, 2, 2, 2676),
(2546, 2, 3, 2677),
(2547, 2, 4, 2678),
(2548, 2, 5, 2679),
(2549, 2, 6, 2680),
(2550, 3, 2, 2681),
(2551, 3, 3, 2682),
(2552, 3, 4, 2683),
(2553, 3, 5, 2684),
(2554, 3, 6, 2685),
(2555, 4, 2, 2686),
(2556, 4, 3, 2687),
(2557, 4, 4, 2688),
(2558, 4, 5, 2689),
(2559, 4, 6, 2690),
(2560, 5, 2, 2691),
(2561, 5, 3, 2692),
(2562, 5, 4, 2693),
(2563, 5, 5, 2694),
(2564, 5, 6, 2695),
(2565, 6, 2, 2696),
(2566, 6, 3, 2697),
(2567, 6, 4, 2698),
(2568, 6, 5, 2699),
(2569, 6, 6, 2700),
(2570, 7, 2, 2701),
(2571, 7, 3, 2702),
(2572, 7, 4, 2703),
(2573, 7, 5, 2704),
(2574, 7, 6, 2705),
(2575, 0, 2, 2706),
(2576, 0, 3, 2707),
(2577, 0, 4, 2708),
(2578, 0, 5, 2709),
(2579, 0, 6, 2710),
(2580, 1, 2, 2711),
(2581, 1, 3, 2712),
(2582, 1, 4, 2713),
(2583, 1, 5, 2714),
(2584, 1, 6, 2715),
(2585, 2, 2, 2716),
(2586, 2, 3, 2717),
(2587, 2, 4, 2718),
(2588, 2, 5, 2719),
(2589, 2, 6, 2720),
(2590, 3, 2, 2721),
(2591, 3, 3, 2722),
(2592, 3, 4, 2723),
(2593, 3, 5, 2724),
(2594, 3, 6, 2725),
(2595, 4, 2, 2726),
(2596, 4, 3, 2727),
(2597, 4, 4, 2728),
(2598, 4, 5, 2729),
(2599, 4, 6, 2730),
(2600, 5, 2, 2731),
(2601, 5, 3, 2732),
(2602, 5, 4, 2733),
(2603, 5, 5, 2734),
(2604, 5, 6, 2735),
(2605, 6, 2, 2736),
(2606, 6, 3, 2737),
(2607, 6, 4, 2738),
(2608, 6, 5, 2739),
(2609, 6, 6, 2740),
(2610, 7, 2, 2741),
(2611, 7, 3, 2742),
(2612, 7, 4, 2743),
(2613, 7, 5, 2744),
(2614, 7, 6, 2745),
(2615, 0, 2, 2746),
(2616, 0, 3, 2747),
(2617, 0, 4, 2748),
(2618, 0, 5, 2749),
(2619, 0, 6, 2750),
(2620, 1, 2, 2751),
(2621, 1, 3, 2752),
(2622, 1, 4, 2753),
(2623, 1, 5, 2754),
(2624, 1, 6, 2755),
(2625, 2, 2, 2756),
(2626, 2, 3, 2757),
(2627, 2, 4, 2758),
(2628, 2, 5, 2759),
(2629, 2, 6, 2760),
(2630, 3, 2, 2761),
(2631, 3, 3, 2762),
(2632, 3, 4, 2763),
(2633, 3, 5, 2764),
(2634, 3, 6, 2765),
(2635, 4, 2, 2766),
(2636, 4, 3, 2767),
(2637, 4, 4, 2768),
(2638, 4, 5, 2769),
(2639, 4, 6, 2770),
(2640, 5, 2, 2771),
(2641, 5, 3, 2772),
(2642, 5, 4, 2773),
(2643, 5, 5, 2774),
(2644, 5, 6, 2775),
(2645, 6, 2, 2776),
(2646, 6, 3, 2777),
(2647, 6, 4, 2778),
(2648, 6, 5, 2779),
(2649, 6, 6, 2780),
(2650, 7, 2, 2781),
(2651, 7, 3, 2782),
(2652, 7, 4, 2783),
(2653, 7, 5, 2784),
(2654, 7, 6, 2785),
(2655, 0, 2, 2786),
(2656, 0, 3, 2787),
(2657, 0, 4, 2788),
(2658, 0, 5, 2789),
(2659, 0, 6, 2790),
(2660, 1, 2, 2791),
(2661, 1, 3, 2792),
(2662, 1, 4, 2793),
(2663, 1, 5, 2794),
(2664, 1, 6, 2795),
(2665, 2, 2, 2796),
(2666, 2, 3, 2797),
(2667, 2, 4, 2798),
(2668, 2, 5, 2799),
(2669, 2, 6, 2800),
(2670, 3, 2, 2801),
(2671, 3, 3, 2802),
(2672, 3, 4, 2803),
(2673, 3, 5, 2804),
(2674, 3, 6, 2805),
(2675, 4, 2, 2806),
(2676, 4, 3, 2807),
(2677, 4, 4, 2808),
(2678, 4, 5, 2809),
(2679, 4, 6, 2810),
(2680, 5, 2, 2811),
(2681, 5, 3, 2812),
(2682, 5, 4, 2813),
(2683, 5, 5, 2814),
(2684, 5, 6, 2815),
(2685, 6, 2, 2816),
(2686, 6, 3, 2817),
(2687, 6, 4, 2818),
(2688, 6, 5, 2819),
(2689, 6, 6, 2820),
(2690, 7, 2, 2821),
(2691, 7, 3, 2822),
(2692, 7, 4, 2823),
(2693, 7, 5, 2824),
(2694, 7, 6, 2825),
(2695, 0, 2, 2826),
(2696, 0, 3, 2827),
(2697, 0, 4, 2828),
(2698, 0, 5, 2829),
(2699, 0, 6, 2830),
(2700, 1, 2, 2831),
(2701, 1, 3, 2832),
(2702, 1, 4, 2833),
(2703, 1, 5, 2834),
(2704, 1, 6, 2835),
(2705, 2, 2, 2836),
(2706, 2, 3, 2837),
(2707, 2, 4, 2838),
(2708, 2, 5, 2839),
(2709, 2, 6, 2840),
(2710, 3, 2, 2841),
(2711, 3, 3, 2842),
(2712, 3, 4, 2843),
(2713, 3, 5, 2844),
(2714, 3, 6, 2845),
(2715, 4, 2, 2846),
(2716, 4, 3, 2847),
(2717, 4, 4, 2848),
(2718, 4, 5, 2849),
(2719, 4, 6, 2850),
(2720, 5, 2, 2851),
(2721, 5, 3, 2852),
(2722, 5, 4, 2853),
(2723, 5, 5, 2854),
(2724, 5, 6, 2855),
(2725, 6, 2, 2856),
(2726, 6, 3, 2857),
(2727, 6, 4, 2858),
(2728, 6, 5, 2859),
(2729, 6, 6, 2860),
(2730, 7, 2, 2861),
(2731, 7, 3, 2862),
(2732, 7, 4, 2863),
(2733, 7, 5, 2864),
(2734, 7, 6, 2865),
(2735, 0, 2, 2866),
(2736, 0, 3, 2867),
(2737, 0, 4, 2868),
(2738, 0, 5, 2869),
(2739, 0, 6, 2870),
(2740, 1, 2, 2871),
(2741, 1, 3, 2872),
(2742, 1, 4, 2873),
(2743, 1, 5, 2874),
(2744, 1, 6, 2875),
(2745, 2, 2, 2876),
(2746, 2, 3, 2877),
(2747, 2, 4, 2878),
(2748, 2, 5, 2879),
(2749, 2, 6, 2880),
(2750, 3, 2, 2881),
(2751, 3, 3, 2882),
(2752, 3, 4, 2883),
(2753, 3, 5, 2884),
(2754, 3, 6, 2885),
(2755, 4, 2, 2886),
(2756, 4, 3, 2887),
(2757, 4, 4, 2888),
(2758, 4, 5, 2889),
(2759, 4, 6, 2890),
(2760, 5, 2, 2891),
(2761, 5, 3, 2892),
(2762, 5, 4, 2893),
(2763, 5, 5, 2894),
(2764, 5, 6, 2895),
(2765, 6, 2, 2896),
(2766, 6, 3, 2897),
(2767, 6, 4, 2898),
(2768, 6, 5, 2899),
(2769, 6, 6, 2900),
(2770, 7, 2, 2901),
(2771, 7, 3, 2902),
(2772, 7, 4, 2903),
(2773, 7, 5, 2904),
(2774, 7, 6, 2905),
(2815, 0, 2, 3027),
(2816, 0, 3, 3028),
(2817, 0, 4, 3029),
(2818, 0, 5, 3030),
(2819, 0, 6, 3031),
(2820, 1, 2, 3032),
(2821, 1, 3, 3033),
(2822, 1, 4, 3034),
(2823, 1, 5, 3035),
(2824, 1, 6, 3036),
(2825, 2, 2, 3037),
(2826, 2, 3, 3038),
(2827, 2, 4, 3039),
(2828, 2, 5, 3040),
(2829, 2, 6, 3041),
(2830, 3, 2, 3042),
(2831, 3, 3, 3043),
(2832, 3, 4, 3044),
(2833, 3, 5, 3045),
(2834, 3, 6, 3046),
(2835, 4, 2, 3047),
(2836, 4, 3, 3048),
(2837, 4, 4, 3049),
(2838, 4, 5, 3050),
(2839, 4, 6, 3051),
(2840, 5, 2, 3052),
(2841, 5, 3, 3053),
(2842, 5, 4, 3054),
(2843, 5, 5, 3055),
(2844, 5, 6, 3056),
(2845, 6, 2, 3057),
(2846, 6, 3, 3058),
(2847, 6, 4, 3059),
(2848, 6, 5, 3060),
(2849, 6, 6, 3061),
(2850, 7, 2, 3062),
(2851, 7, 3, 3063),
(2852, 7, 4, 3064),
(2853, 7, 5, 3065),
(2854, 7, 6, 3066),
(2855, 0, 2, 3067),
(2856, 0, 3, 3068),
(2857, 0, 4, 3069),
(2858, 0, 5, 3070),
(2859, 0, 6, 3071),
(2860, 1, 2, 3072),
(2861, 1, 3, 3073),
(2862, 1, 4, 3074),
(2863, 1, 5, 3075),
(2864, 1, 6, 3076),
(2865, 2, 2, 3077),
(2866, 2, 3, 3078),
(2867, 2, 4, 3079),
(2868, 2, 5, 3080),
(2869, 2, 6, 3081),
(2870, 3, 2, 3082),
(2871, 3, 3, 3083),
(2872, 3, 4, 3084),
(2873, 3, 5, 3085),
(2874, 3, 6, 3086),
(2875, 4, 2, 3087),
(2876, 4, 3, 3088),
(2877, 4, 4, 3089),
(2878, 4, 5, 3090),
(2879, 4, 6, 3091),
(2880, 5, 2, 3092),
(2881, 5, 3, 3093),
(2882, 5, 4, 3094),
(2883, 5, 5, 3095),
(2884, 5, 6, 3096),
(2885, 6, 2, 3097),
(2886, 6, 3, 3098),
(2887, 6, 4, 3099),
(2888, 6, 5, 3100),
(2889, 6, 6, 3101),
(2890, 7, 2, 3102),
(2891, 7, 3, 3103),
(2892, 7, 4, 3104),
(2893, 7, 5, 3105),
(2894, 7, 6, 3106),
(2895, 0, 2, 3107),
(2896, 0, 3, 3108),
(2897, 0, 4, 3109),
(2898, 0, 5, 3110),
(2899, 0, 6, 3111),
(2900, 1, 2, 3112),
(2901, 1, 3, 3113),
(2902, 1, 4, 3114),
(2903, 1, 5, 3115),
(2904, 1, 6, 3116),
(2905, 2, 2, 3117),
(2906, 2, 3, 3118),
(2907, 2, 4, 3119),
(2908, 2, 5, 3120),
(2909, 2, 6, 3121),
(2910, 3, 2, 3122),
(2911, 3, 3, 3123),
(2912, 3, 4, 3124),
(2913, 3, 5, 3125),
(2914, 3, 6, 3126),
(2915, 4, 2, 3127),
(2916, 4, 3, 3128),
(2917, 4, 4, 3129),
(2918, 4, 5, 3130),
(2919, 4, 6, 3131),
(2920, 5, 2, 3132),
(2921, 5, 3, 3133),
(2922, 5, 4, 3134),
(2923, 5, 5, 3135),
(2924, 5, 6, 3136),
(2925, 6, 2, 3137),
(2926, 6, 3, 3138),
(2927, 6, 4, 3139),
(2928, 6, 5, 3140),
(2929, 6, 6, 3141),
(2930, 7, 2, 3142),
(2931, 7, 3, 3143),
(2932, 7, 4, 3144),
(2933, 7, 5, 3145),
(2934, 7, 6, 3146),
(2935, 0, 2, 3147),
(2936, 0, 3, 3148),
(2937, 0, 4, 3149),
(2938, 0, 5, 3150),
(2939, 0, 6, 3151),
(2940, 1, 2, 3152),
(2941, 1, 3, 3153),
(2942, 1, 4, 3154),
(2943, 1, 5, 3155),
(2944, 1, 6, 3156),
(2945, 2, 2, 3157),
(2946, 2, 3, 3158),
(2947, 2, 4, 3159),
(2948, 2, 5, 3160),
(2949, 2, 6, 3161),
(2950, 3, 2, 3162),
(2951, 3, 3, 3163),
(2952, 3, 4, 3164),
(2953, 3, 5, 3165),
(2954, 3, 6, 3166),
(2955, 4, 2, 3167),
(2956, 4, 3, 3168),
(2957, 4, 4, 3169),
(2958, 4, 5, 3170),
(2959, 4, 6, 3171),
(2960, 5, 2, 3172),
(2961, 5, 3, 3173),
(2962, 5, 4, 3174),
(2963, 5, 5, 3175),
(2964, 5, 6, 3176),
(2965, 6, 2, 3177),
(2966, 6, 3, 3178),
(2967, 6, 4, 3179),
(2968, 6, 5, 3180),
(2969, 6, 6, 3181),
(2970, 7, 2, 3182),
(2971, 7, 3, 3183),
(2972, 7, 4, 3184),
(2973, 7, 5, 3185),
(2974, 7, 6, 3186),
(2975, 0, 2, 3187),
(2976, 0, 3, 3188),
(2977, 0, 4, 3189),
(2978, 0, 5, 3190),
(2979, 0, 6, 3191),
(2980, 1, 2, 3192),
(2981, 1, 3, 3193),
(2982, 1, 4, 3194),
(2983, 1, 5, 3195),
(2984, 1, 6, 3196),
(2985, 2, 2, 3197),
(2986, 2, 3, 3198),
(2987, 2, 4, 3199),
(2988, 2, 5, 3200),
(2989, 2, 6, 3201),
(2990, 3, 2, 3202),
(2991, 3, 3, 3203),
(2992, 3, 4, 3204),
(2993, 3, 5, 3205),
(2994, 3, 6, 3206),
(2995, 4, 2, 3207),
(2996, 4, 3, 3208),
(2997, 4, 4, 3209),
(2998, 4, 5, 3210),
(2999, 4, 6, 3211),
(3000, 5, 2, 3212),
(3001, 5, 3, 3213),
(3002, 5, 4, 3214),
(3003, 5, 5, 3215),
(3004, 5, 6, 3216),
(3005, 6, 2, 3217),
(3006, 6, 3, 3218),
(3007, 6, 4, 3219),
(3008, 6, 5, 3220),
(3009, 6, 6, 3221),
(3010, 7, 2, 3222),
(3011, 7, 3, 3223),
(3012, 7, 4, 3224),
(3013, 7, 5, 3225),
(3014, 7, 6, 3226),
(3015, 0, 2, 3227),
(3016, 0, 3, 3228),
(3017, 0, 4, 3229),
(3018, 0, 5, 3230),
(3019, 0, 6, 3231),
(3020, 1, 2, 3232),
(3021, 1, 3, 3233),
(3022, 1, 4, 3234),
(3023, 1, 5, 3235),
(3024, 1, 6, 3236),
(3025, 2, 2, 3237),
(3026, 2, 3, 3238),
(3027, 2, 4, 3239),
(3028, 2, 5, 3240),
(3029, 2, 6, 3241),
(3030, 3, 2, 3242),
(3031, 3, 3, 3243),
(3032, 3, 4, 3244),
(3033, 3, 5, 3245),
(3034, 3, 6, 3246),
(3035, 4, 2, 3247),
(3036, 4, 3, 3248),
(3037, 4, 4, 3249),
(3038, 4, 5, 3250),
(3039, 4, 6, 3251),
(3040, 5, 2, 3252),
(3041, 5, 3, 3253),
(3042, 5, 4, 3254),
(3043, 5, 5, 3255),
(3044, 5, 6, 3256),
(3045, 6, 2, 3257),
(3046, 6, 3, 3258),
(3047, 6, 4, 3259),
(3048, 6, 5, 3260),
(3049, 6, 6, 3261),
(3050, 7, 2, 3262),
(3051, 7, 3, 3263),
(3052, 7, 4, 3264),
(3053, 7, 5, 3265),
(3054, 7, 6, 3266),
(3055, 0, 2, 3267),
(3056, 0, 3, 3268),
(3057, 0, 4, 3269),
(3058, 0, 5, 3270),
(3059, 0, 6, 3271),
(3060, 1, 2, 3272),
(3061, 1, 3, 3273),
(3062, 1, 4, 3274),
(3063, 1, 5, 3275),
(3064, 1, 6, 3276),
(3065, 2, 2, 3277),
(3066, 2, 3, 3278),
(3067, 2, 4, 3279),
(3068, 2, 5, 3280),
(3069, 2, 6, 3281),
(3070, 3, 2, 3282),
(3071, 3, 3, 3283),
(3072, 3, 4, 3284),
(3073, 3, 5, 3285),
(3074, 3, 6, 3286),
(3075, 4, 2, 3287),
(3076, 4, 3, 3288),
(3077, 4, 4, 3289),
(3078, 4, 5, 3290),
(3079, 4, 6, 3291),
(3080, 5, 2, 3292),
(3081, 5, 3, 3293),
(3082, 5, 4, 3294),
(3083, 5, 5, 3295),
(3084, 5, 6, 3296),
(3085, 6, 2, 3297),
(3086, 6, 3, 3298),
(3087, 6, 4, 3299),
(3088, 6, 5, 3300),
(3089, 6, 6, 3301),
(3090, 7, 2, 3302),
(3091, 7, 3, 3303),
(3092, 7, 4, 3304),
(3093, 7, 5, 3305),
(3094, 7, 6, 3306);

-- --------------------------------------------------------

--
-- Struktura tabeli dla tabeli `sala`
--

CREATE TABLE `sala` (
  `id` int(10) UNSIGNED NOT NULL,
  `numer` tinyint(3) UNSIGNED NOT NULL
) ENGINE=InnoDB DEFAULT CHARSET=utf8mb4 COLLATE=utf8mb4_general_ci;

--
-- Dumping data for table `sala`
--

INSERT INTO `sala` (`id`, `numer`) VALUES
(1, 1),
(2, 2),
(3, 3),
(8, 209),
(9, 8),
(10, 208),
(11, 10);

-- --------------------------------------------------------

--
-- Struktura tabeli dla tabeli `szkola`
--

CREATE TABLE `szkola` (
  `id` int(10) UNSIGNED NOT NULL,
  `nazwa` varchar(60) NOT NULL
) ENGINE=InnoDB DEFAULT CHARSET=utf8mb4 COLLATE=utf8mb4_general_ci;

--
-- Dumping data for table `szkola`
--

INSERT INTO `szkola` (`id`, `nazwa`) VALUES
(12, 'Zesp&oacute;ł Szk&oacute;ł w Nowym B'),
(13, 'Szkoła w Ostrowski'),
(14, 'Nowa Szkoła nr 5'),
(15, 'Szkoła podstawowa im. Jana Popiela'),
(17, 'Zesp&oacute;ł Szk&oacute;ł w Ostrowsku nr 90');

-- --------------------------------------------------------

--
-- Struktura tabeli dla tabeli `uczen`
--

CREATE TABLE `uczen` (
  `id` int(10) UNSIGNED NOT NULL,
  `imie` varchar(50) NOT NULL,
  `nazwisko` varchar(50) NOT NULL,
  `id_klasa` int(10) UNSIGNED DEFAULT NULL
) ENGINE=InnoDB DEFAULT CHARSET=utf8mb4 COLLATE=utf8mb4_general_ci;

--
-- Indeksy dla zrzutów tabel
--

--
-- Indeksy dla tabeli `dzien_tygodnia`
--
ALTER TABLE `dzien_tygodnia`
  ADD PRIMARY KEY (`id`);

--
-- Indeksy dla tabeli `klasa`
--
ALTER TABLE `klasa`
  ADD PRIMARY KEY (`id`),
  ADD KEY `id_szkola` (`id_szkola`),
  ADD KEY `id_planu_lekcji` (`id_planu_lekcji`);

--
-- Indeksy dla tabeli `lekcja`
--
ALTER TABLE `lekcja`
  ADD PRIMARY KEY (`id`),
  ADD KEY `id_sali` (`id_sali`),
  ADD KEY `id_nauczyciela` (`id_nauczyciela`),
  ADD KEY `id_przedmiotu` (`id_przedmiotu`);

--
-- Indeksy dla tabeli `lekcje_planu`
--
ALTER TABLE `lekcje_planu`
  ADD PRIMARY KEY (`id`),
  ADD KEY `id_planu_lekcji` (`id_planu_lekcji`),
  ADD KEY `id_przyporzadkowanej_lekcji` (`id_przyporzadkowanej_lekcji`);

--
-- Indeksy dla tabeli `nauczany_przedmiot`
--
ALTER TABLE `nauczany_przedmiot`
  ADD PRIMARY KEY (`id`),
  ADD KEY `id_przedmiotu` (`id_przedmiotu`),
  ADD KEY `id_nauczyciela` (`id_nauczyciela`);

--
-- Indeksy dla tabeli `nauczyciel`
--
ALTER TABLE `nauczyciel`
  ADD PRIMARY KEY (`id`);

--
-- Indeksy dla tabeli `nauczyciele_szkoly`
--
ALTER TABLE `nauczyciele_szkoly`
  ADD PRIMARY KEY (`id`),
  ADD KEY `id_nauczyciela` (`id_nauczyciela`),
  ADD KEY `id_szkoly` (`id_szkoly`);

--
-- Indeksy dla tabeli `plan_lekcji`
--
ALTER TABLE `plan_lekcji`
  ADD PRIMARY KEY (`id`);

--
-- Indeksy dla tabeli `przedmiot`
--
ALTER TABLE `przedmiot`
  ADD PRIMARY KEY (`id`);

--
-- Indeksy dla tabeli `przyporzadkowanie_lekcji`
--
ALTER TABLE `przyporzadkowanie_lekcji`
  ADD PRIMARY KEY (`id`),
  ADD KEY `id_dnia_tyg` (`id_dnia_tyg`),
  ADD KEY `id_lekcji` (`id_lekcji`);

--
-- Indeksy dla tabeli `sala`
--
ALTER TABLE `sala`
  ADD PRIMARY KEY (`id`);

--
-- Indeksy dla tabeli `szkola`
--
ALTER TABLE `szkola`
  ADD PRIMARY KEY (`id`);

--
-- Indeksy dla tabeli `uczen`
--
ALTER TABLE `uczen`
  ADD PRIMARY KEY (`id`),
  ADD KEY `id_klasa` (`id_klasa`);

--
-- AUTO_INCREMENT for dumped tables
--

--
-- AUTO_INCREMENT for table `dzien_tygodnia`
--
ALTER TABLE `dzien_tygodnia`
  MODIFY `id` int(10) UNSIGNED NOT NULL AUTO_INCREMENT, AUTO_INCREMENT=7;

--
-- AUTO_INCREMENT for table `klasa`
--
ALTER TABLE `klasa`
  MODIFY `id` int(10) UNSIGNED NOT NULL AUTO_INCREMENT, AUTO_INCREMENT=14;

--
-- AUTO_INCREMENT for table `lekcja`
--
ALTER TABLE `lekcja`
  MODIFY `id` int(10) UNSIGNED NOT NULL AUTO_INCREMENT, AUTO_INCREMENT=3347;

--
-- AUTO_INCREMENT for table `lekcje_planu`
--
ALTER TABLE `lekcje_planu`
  MODIFY `id` int(10) UNSIGNED NOT NULL AUTO_INCREMENT, AUTO_INCREMENT=1828;

--
-- AUTO_INCREMENT for table `nauczany_przedmiot`
--
ALTER TABLE `nauczany_przedmiot`
  MODIFY `id` int(10) UNSIGNED NOT NULL AUTO_INCREMENT, AUTO_INCREMENT=604;

--
-- AUTO_INCREMENT for table `nauczyciel`
--
ALTER TABLE `nauczyciel`
  MODIFY `id` int(10) UNSIGNED NOT NULL AUTO_INCREMENT, AUTO_INCREMENT=36;

--
-- AUTO_INCREMENT for table `nauczyciele_szkoly`
--
ALTER TABLE `nauczyciele_szkoly`
  MODIFY `id` int(10) UNSIGNED NOT NULL AUTO_INCREMENT, AUTO_INCREMENT=24;

--
-- AUTO_INCREMENT for table `plan_lekcji`
--
ALTER TABLE `plan_lekcji`
  MODIFY `id` int(10) UNSIGNED NOT NULL AUTO_INCREMENT, AUTO_INCREMENT=97;

--
-- AUTO_INCREMENT for table `przedmiot`
--
ALTER TABLE `przedmiot`
  MODIFY `id` int(11) UNSIGNED NOT NULL AUTO_INCREMENT, AUTO_INCREMENT=7;

--
-- AUTO_INCREMENT for table `przyporzadkowanie_lekcji`
--
ALTER TABLE `przyporzadkowanie_lekcji`
  MODIFY `id` int(10) UNSIGNED NOT NULL AUTO_INCREMENT, AUTO_INCREMENT=3095;

--
-- AUTO_INCREMENT for table `sala`
--
ALTER TABLE `sala`
  MODIFY `id` int(10) UNSIGNED NOT NULL AUTO_INCREMENT, AUTO_INCREMENT=12;

--
-- AUTO_INCREMENT for table `szkola`
--
ALTER TABLE `szkola`
  MODIFY `id` int(10) UNSIGNED NOT NULL AUTO_INCREMENT, AUTO_INCREMENT=18;

--
-- AUTO_INCREMENT for table `uczen`
--
ALTER TABLE `uczen`
  MODIFY `id` int(10) UNSIGNED NOT NULL AUTO_INCREMENT;

--
-- Constraints for dumped tables
--

--
-- Constraints for table `klasa`
--
ALTER TABLE `klasa`
  ADD CONSTRAINT `klasa_ibfk_1` FOREIGN KEY (`id_planu_lekcji`) REFERENCES `plan_lekcji` (`id`) ON DELETE SET NULL ON UPDATE CASCADE,
  ADD CONSTRAINT `klasa_ibfk_2` FOREIGN KEY (`id_szkola`) REFERENCES `szkola` (`id`) ON DELETE CASCADE ON UPDATE CASCADE;

--
-- Constraints for table `lekcja`
--
ALTER TABLE `lekcja`
  ADD CONSTRAINT `lekcja_ibfk_1` FOREIGN KEY (`id_nauczyciela`) REFERENCES `nauczyciel` (`id`) ON UPDATE CASCADE,
  ADD CONSTRAINT `lekcja_ibfk_2` FOREIGN KEY (`id_przedmiotu`) REFERENCES `przedmiot` (`id`) ON UPDATE CASCADE,
  ADD CONSTRAINT `lekcja_ibfk_3` FOREIGN KEY (`id_sali`) REFERENCES `sala` (`id`) ON UPDATE CASCADE;

--
-- Constraints for table `lekcje_planu`
--
ALTER TABLE `lekcje_planu`
  ADD CONSTRAINT `lekcje_planu_ibfk_1` FOREIGN KEY (`id_planu_lekcji`) REFERENCES `plan_lekcji` (`id`) ON UPDATE CASCADE,
  ADD CONSTRAINT `lekcje_planu_ibfk_2` FOREIGN KEY (`id_przyporzadkowanej_lekcji`) REFERENCES `przyporzadkowanie_lekcji` (`id`) ON UPDATE CASCADE;

--
-- Constraints for table `nauczany_przedmiot`
--
ALTER TABLE `nauczany_przedmiot`
  ADD CONSTRAINT `nauczany_przedmiot_ibfk_1` FOREIGN KEY (`id_nauczyciela`) REFERENCES `nauczyciel` (`id`) ON UPDATE CASCADE,
  ADD CONSTRAINT `nauczany_przedmiot_ibfk_2` FOREIGN KEY (`id_przedmiotu`) REFERENCES `przedmiot` (`id`) ON UPDATE CASCADE;

--
-- Constraints for table `nauczyciele_szkoly`
--
ALTER TABLE `nauczyciele_szkoly`
  ADD CONSTRAINT `nauczyciele_szkoly_ibfk_1` FOREIGN KEY (`id_nauczyciela`) REFERENCES `nauczyciel` (`id`) ON UPDATE CASCADE,
  ADD CONSTRAINT `nauczyciele_szkoly_ibfk_2` FOREIGN KEY (`id_szkoly`) REFERENCES `szkola` (`id`) ON UPDATE CASCADE;

--
-- Constraints for table `przyporzadkowanie_lekcji`
--
ALTER TABLE `przyporzadkowanie_lekcji`
  ADD CONSTRAINT `przyporzadkowanie_lekcji_ibfk_1` FOREIGN KEY (`id_dnia_tyg`) REFERENCES `dzien_tygodnia` (`id`) ON UPDATE CASCADE,
  ADD CONSTRAINT `przyporzadkowanie_lekcji_ibfk_2` FOREIGN KEY (`id_lekcji`) REFERENCES `lekcja` (`id`) ON UPDATE CASCADE;

--
-- Constraints for table `uczen`
--
ALTER TABLE `uczen`
  ADD CONSTRAINT `uczen_ibfk_1` FOREIGN KEY (`id_klasa`) REFERENCES `klasa` (`id`) ON UPDATE CASCADE;
COMMIT;

/*!40101 SET CHARACTER_SET_CLIENT=@OLD_CHARACTER_SET_CLIENT */;
/*!40101 SET CHARACTER_SET_RESULTS=@OLD_CHARACTER_SET_RESULTS */;
/*!40101 SET COLLATION_CONNECTION=@OLD_COLLATION_CONNECTION */;
